<config>
	<append xpath="/blocks">
		<block name="ctnIDCBeehive">
			<property name="CustomIcon" value="Beehive"/>
			<property name="Class" value="PassiveCollector, IDCCoreV2"/>
			<property name="UnlockedBy" value="craftingWorkstations"/>
			<property name="WorkstationIcon" value="ui_game_symbol_water"/>
			<property name="CreativeMode" value="Player"/>
			<property name="DescriptionKey" value="ctnIDCBeehiveDesc"/>
			<property name="Material" value="MFuelBarrelPolymer"/>
			<property name="Shape" value="ModelEntity"/>
			<property name="Model" value="#@modfolder:Assets/idc_beehive.unity3d?PrefabBeehive"/>
			<property name="MultiBlockDim" value="1,1,1"/>
			<property name="ImposterExchange" value="imposterBlock" param1="116"/>
			<property name="WaterFlow" value="permitted"/>
			<property name="Place" value="TowardsPlacerInverted"/>
			<property name="RestrictSubmergedPlacement" value="true"/>
			<property name="AllowedRotations" value="Basic90"/>
			<property name="Path" value="solid"/>
			<property name="IsDecoration" value="true"/>
			<property name="StabilitySupport" value="false"/>
			<property name="OpenSound" value="BeehiveOpen"/>
			<property name="CloseSound" value="close_workbench"/>
			<property name="ConvertSound" value="BeehiveProduce,10"/>
			<property name="MinConvertTime" value="11000"/>
			<property name="MaxConvertTime" value="15000"/>
			<property name="EconomicValue" value="3"/>
			<property name="EconomicBundleSize" value="1"/>
			<property name="SellableToTrader" value="false"/>
			<property name="MaxDamage" value="1000"/>
			<property name="HeatMapStrength" value="1"/>
			<property name="HeatMapTime" value="2000"/>
			<property name="HeatMapFrequency" value="5000"/>
			<property class="RepairItems">
				<property name="resourceScrapPolymers" value="20"/>
				<property name="resourceForgedIron" value="10"/>
			</property>
			<drop event="Destroy" name="ctnIDCBeehive" count="1"/>
			<property name="SortOrder1" value="B281"/>
			<property name="SortOrder2" value="0100"/>
			<property name="Group" value="Basics,Food/Cooking,Building,advBuilding"/>
			<property name="Tags" value="workstationSkill,twitch_workstation"/>
			<property name="FilterTags" value="MC_playerBlocks,SC_decor"/>
			<property name="HasModifiers" value="true"/>
			<property name="HasItemConversions" value="true"/>
			
			<property name="ContColumns" value="5"/>
			<property name="ContRows" value="1"/>
			<property name="NumModifiersSlots" value="1"/>
			
			<item_conversion item="foodHoney" lower_range="1" upper_range="2"/>
			<property name="FuelItem" value="honeyBee"/>
		</block>
		<block name="beehiveTreeStump">
			<property name="Class" value="Loot"/>
			<property name="LootList" value="beehiveTreeStump"/>
			<property name="Material" value="MtreeWoodSmall"/>
			<property name="CreativeMode" value="None"/>
			<property name="IsPlant" value="true"/>
			<!-- it shall never be placed on rocks -->
			<property name="Shape" value="ModelEntity"/>
			<property name="Model" value="@:Entities/Trees/Prefabs/Stump.prefab"/>
			<property name="ModelOffset" value="0,0,0"/>
			<property name="ImposterDontBlock" value="true"/>
			<property name="WaterFlow" value="permitted"/>
			<property name="Path" value="solid"/>
			<property name="BigDecorationRadius" value="3"/>
			<property name="IsTerrainDecoration" value="true"/>
			<property name="StabilitySupport" value="false"/>
			<!-- <drop event="Harvest" name="resourceWood" count="20,30" tag="oreWoodHarvest"/> -->
			<drop event="Harvest" name="resourceWoodScraps" count="10,20" tag="oreWoodHarvest"/>
			<drop event="Destroy" name="foodHoney" count="1" prob=".2"/>
			<property name="SortOrder1" value="B907"/>
			<property name="SortOrder2" value="0000"/>
			<property name="Tags" value="wood"/>
			<property name="FilterTags" value="MC_outdoor,SC_trees"/>
		</block>
	</append>
</config>