<config>
	<append xpath="/Sounds">
		<SoundDataNode name="BeehiveOpen"> <AudioSource name="Sounds/AudioSource_Interact"/>
			<Noise ID="1" noise="7" time="3" muffled_when_crouched="0.5"/>
			<AudioClip ClipName="#@modfolder:Assets/idc_beehive.unity3d?BeehiveSoundOpen.wav" />
			<LocalCrouchVolumeScale value="0.5"/> <CrouchNoiseScale value="0.5"/> <NoiseScale value="1"/> <MaxVoices value="10"/> <MaxRepeatRate value="0.01"/> 
		</SoundDataNode>
		
		<SoundDataNode name="BeehiveProduce"> <AudioSource name="Sounds/AudioSource_VO"/>
			<Noise ID="1" noise="7" time="3" muffled_when_crouched="0.5"/>
			<AudioClip ClipName="#@modfolder:Assets/idc_beehive.unity3d?BeehiveSoundProduction.wav" />
			<LocalCrouchVolumeScale value="0.5"/> <CrouchNoiseScale value="0.5"/> <NoiseScale value="1"/> <MaxVoices value="10"/> <MaxRepeatRate value="0.01"/> 
		</SoundDataNode>
	</append>
</config>