<Magedaddy>

	<!-- Let's make RWG a bit better, shall we? -->
	
	<set xpath="/rwgmixer/world[@name='small']/property[@class='oldwest']/property[@name='many']/@value">2</set>
	<set xpath="/rwgmixer/world[@name='small']/property[@class='oldwest']/property[@name='maxtiles']/@value">4</set>
	
	<set xpath="/rwgmixer/world[@name='small']/property[@class='countrytown']/property[@name='default']/@value">3</set>
	<set xpath="/rwgmixer/world[@name='small']/property[@class='countrytown']/property[@name='many']/@value">3</set>
	<set xpath="/rwgmixer/world[@name='small']/property[@class='countrytown']/property[@name='mintiles']/@value">9</set>
	<set xpath="/rwgmixer/world[@name='small']/property[@class='countrytown']/property[@name='maxtiles']/@value">12</set>
	
	<set xpath="/rwgmixer/world[@name='small']/property[@class='town']/property[@name='default']/@value">5</set>
	<set xpath="/rwgmixer/world[@name='small']/property[@class='town']/property[@name='many']/@value">5</set>
	<set xpath="/rwgmixer/world[@name='small']/property[@class='town']/property[@name='mintiles']/@value">9</set>
	<set xpath="/rwgmixer/world[@name='small']/property[@class='town']/property[@name='maxtiles']/@value">12</set>
	
	<set xpath="/rwgmixer/world[@name='small']/property[@class='city']/property[@name='default']/@value">9</set>
	<set xpath="/rwgmixer/world[@name='small']/property[@class='city']/property[@name='many']/@value">9</set>
	<set xpath="/rwgmixer/world[@name='small']/property[@class='city']/property[@name='mintiles']/@value">21</set>
	<set xpath="/rwgmixer/world[@name='small']/property[@class='city']/property[@name='maxtiles']/@value">27</set>
	
	
	<set xpath="/rwgmixer/world[@name='medium']/property[@class='oldwest']/property[@name='default']/@value">2</set>
	<set xpath="/rwgmixer/world[@name='medium']/property[@class='oldwest']/property[@name='many']/@value">2</set>
	<set xpath="/rwgmixer/world[@name='medium']/property[@class='oldwest']/property[@name='mintiles']/@value">2</set>
	<set xpath="/rwgmixer/world[@name='medium']/property[@class='oldwest']/property[@name='maxtiles']/@value">4</set>
	
	<set xpath="/rwgmixer/world[@name='medium']/property[@class='countrytown']/property[@name='default']/@value">3</set>
	<set xpath="/rwgmixer/world[@name='medium']/property[@class='countrytown']/property[@name='many']/@value">3</set>
	<set xpath="/rwgmixer/world[@name='medium']/property[@class='countrytown']/property[@name='mintiles']/@value">12</set>
	<set xpath="/rwgmixer/world[@name='medium']/property[@class='countrytown']/property[@name='maxtiles']/@value">16</set>
	
	<set xpath="/rwgmixer/world[@name='medium']/property[@class='town']/property[@name='default']/@value">6</set>
	<set xpath="/rwgmixer/world[@name='medium']/property[@class='town']/property[@name='many']/@value">6</set>
	<set xpath="/rwgmixer/world[@name='medium']/property[@class='town']/property[@name='mintiles']/@value">12</set>
	<set xpath="/rwgmixer/world[@name='medium']/property[@class='town']/property[@name='maxtiles']/@value">16</set>
	
	<set xpath="/rwgmixer/world[@name='medium']/property[@class='city']/property[@name='default']/@value">9</set>
	<set xpath="/rwgmixer/world[@name='medium']/property[@class='city']/property[@name='many']/@value">9</set>
	<set xpath="/rwgmixer/world[@name='medium']/property[@class='city']/property[@name='mintiles']/@value">21</set>
	<set xpath="/rwgmixer/world[@name='medium']/property[@class='city']/property[@name='maxtiles']/@value">27</set>
	
	<set xpath="/rwgmixer/world[@name='large']/property[@class='oldwest']/property[@name='default']/@value">3</set>
	<set xpath="/rwgmixer/world[@name='large']/property[@class='oldwest']/property[@name='many']/@value">3</set>
	<set xpath="/rwgmixer/world[@name='large']/property[@class='oldwest']/property[@name='mintiles']/@value">2</set>
	<set xpath="/rwgmixer/world[@name='large']/property[@class='oldwest']/property[@name='maxtiles']/@value">4</set>
	
	<set xpath="/rwgmixer/world[@name='large']/property[@class='countrytown']/property[@name='default']/@value">4</set>
	<set xpath="/rwgmixer/world[@name='large']/property[@class='countrytown']/property[@name='many']/@value">4</set>
	<set xpath="/rwgmixer/world[@name='large']/property[@class='countrytown']/property[@name='mintiles']/@value">12</set>
	<set xpath="/rwgmixer/world[@name='large']/property[@class='countrytown']/property[@name='maxtiles']/@value">16</set>
	
	<set xpath="/rwgmixer/world[@name='large']/property[@class='town']/property[@name='default']/@value">8</set>
	<set xpath="/rwgmixer/world[@name='large']/property[@class='town']/property[@name='many']/@value">8</set>
	<set xpath="/rwgmixer/world[@name='large']/property[@class='town']/property[@name='mintiles']/@value">12</set>
	<set xpath="/rwgmixer/world[@name='large']/property[@class='town']/property[@name='maxtiles']/@value">16</set>
	
	<set xpath="/rwgmixer/world[@name='large']/property[@class='city']/property[@name='default']/@value">12</set>
	<set xpath="/rwgmixer/world[@name='large']/property[@class='city']/property[@name='many']/@value">12</set>
	<set xpath="/rwgmixer/world[@name='large']/property[@class='city']/property[@name='mintiles']/@value">21</set>
	<set xpath="/rwgmixer/world[@name='large']/property[@class='city']/property[@name='maxtiles']/@value">27</set>
	
	<set xpath="/rwgmixer/district[@name='commercial']/property[@name='district_spawn_weight']/@value">0.6</set>
	<set xpath="/rwgmixer/district[@name='downtown']/property[@name='district_spawn_weight']/@value">0.6</set>
	<set xpath="/rwgmixer/district[@name='industrial']/property[@name='district_spawn_weight']/@value">0.6</set>
</Magedaddy>