<configs>
	<!-- search find all *** for changes -->
	
	<!-- *** double planted crops growth time *** -->
	<set xpath="//block[@name='cropsGrowingMaster']//property[@name='PlantGrowing.GrowthRate']/@value">126</set>
	
	<!-- *** adds tool slots to workbench *** -->
	<set xpath="//block[@name='workbench']/property[2]//property[1]/@value">tools,output</set>
	
	<!-- *** adds fuel to cement mixer *** -->
	<set xpath="//block[@name='cementMixer']/property[2]/property[@name='Modules']/@value">output,fuel</set>
	<append xpath="//block[@name='cementMixer']">
	<property name="Fuels" value="ammoGasCan,100"/>
	</append>
	
	<append xpath="//block[@name='campfire']">
	<property name="HasModifiers" value="true"/>
	</append>
	
	<!-- *** increased drop rate for honey from vanilla stumps *** -->
	<set xpath="//block[@name='treeStump']//drop[2]/@prob">.75</set>
	
	<!-- *** adds honeybee harvest from trees with WastelandTreasures book *** -->
	<insertafter xpath="//block[@name='treeMaster']//drop[@event='Harvest'][@name='foodHoney']">
	<drop event="Harvest" name="honeyBee" prob=".05" count="1" tag="WasteTreasuresHoneyHarvest"/>
	</insertafter>
	
	<!-- *** player crafted tablesaw *** -->
	<insertbefore xpath="//block[@name='tableSaw']">
	<block name="playerTableSaw">
		<property name="CustomIcon" value="tableSaw"/>
		<property name="Class" value="Workstation"/>
		<property class="Workstation">
			<property name="Modules" value="output"/>
			<property name="CraftingAreaRecipes" value="playerTableSaw"/>
		</property>
		<property name="UnlockedBy" value="craftingWorkstations"/>
		<property name="CreativeMode" value="Player"/>
		<property name="DescriptionKey" value="tableSawDesc"/>
		<property name="DisplayType" value="blockMulti"/>
		<property name="WorkstationIcon" value="ui_game_symbol_table_saw"/>
		<property name="WorkstationJournalTip" value="tablesawTip"/>
		<property name="Stacknumber" value="1"/>
		<property name="Material" value="Miron_scrap"/>
		<property name="Shape" value="ModelEntity"/>
		<property name="Model" value="Entities/Crafting/table_sawPrefab"/>
		<property name="ModelOffset" value="0,.5,0"/>
		<property name="MultiBlockDim" value="1,1,1"/>
		<property name="ImposterDontBlock" value="true"/>
		<property name="WaterFlow" value="permitted"/>
		<property name="Place" value="TowardsPlacerInverted"/>
		<property name="OnlySimpleRotations" value="true"/>
		<property name="IsTerrainDecoration" value="true"/>
		<property name="StabilitySupport" value="false"/>
		<property name="Weight" value="0"/>
		<property name="EconomicValue" value="2000"/>
		<property name="TraderStageTemplate" value="midTier1"/>
		<property name="MaxDamage" value="800"/>
		<property name="HeatMapStrength" value="5"/>
		<property name="HeatMapTime" value="5000"/>
		<property name="HeatMapFrequency" value="1000"/>
		<property name="OpenSound" value="open_workbench"/>
		<property name="CloseSound" value="close_workbench"/>
		<property name="TakeDelay" value="15"/>
		<property class="RepairItems">
			<property name="resourceForgedIron" value="10"/>
			<property name="resourceSpring" value="2"/>
			<property name="resourceMechanicalParts" value="4"/>
		</property>
		<drop event="Harvest" name="resourceScrapIron" count="300" tag="allHarvest"/>
		<drop event="Harvest" name="terrStone" count="0" tool_category="Disassemble"/>
		<drop event="Harvest" name="resourceForgedIron" count="8" tag="salvageHarvest"/>
		<drop event="Harvest" name="resourceSpring" count="1" tag="salvageHarvest"/>
		<drop event="Harvest" name="resourceMechanicalParts" count="3" tag="salvageHarvest"/>
		<drop event="Destroy" count="0"/>
		<drop event="Fall" name="scrapMetalPile" count="1" prob="0.75" stick_chance="1"/>
		<property name="SortOrder1" value="B281"/>
		<property name="SortOrder2" value="0300"/>
		<property name="Group" value="Basics,Building,advBuilding"/>
		<property name="Tags" value="workstationSkill,twitch_workstation"/>
		<property name="FilterTags" value="MC_playerBlocks,SC_decor"/>
	</block>		
	</insertbefore>
	
	<!-- *** tablesaw can be picked up *** -->
	<append xpath="//block[@name='tableSaw']">
	<property name="CanPickup" value="true" param1="playerTableSaw"/>
	</append>
	
	<!-- *** plants can be picked up *** -->
	<!-- <append xpath="//block[contains(@name,'Harvest') and not (starts-with(@name,'plantedSnowberry'))]">
	<property name="CanPickup" value="true"/>
	</append> -->
	
	<!-- *** POI farmplots no longer plantable *** -->
	<!-- <setattribute xpath="/blocks/block[@name='farmPlotBlock']//property[@name='Material']" name="value">Mdirt</setattribute> -->
	<!-- <set xpath="/blocks/block[@name='farmPlotBlock']/drop[@event='Harvest'][@name='resourceClayLump']/@count">20</set> -->
	<!-- <set xpath="/blocks/block[@name='farmPlotBlock']/drop[@event='Harvest'][@name='resourcePotassiumNitratePowder']/@count">12</set> -->
	
	<!-- *** dew collector now replaced by advanced dew collector *** -->
	<remove xpath="//block[@name='cntDewCollector']"/>		
	
	<!-- *** properties for frameshapes adjusted *** -->
	<insertafter xpath="//block[@name='frameShapes']//property[@name='Shape']">
	<property name="Weight" value="100"/>
	</insertafter>
	<set xpath="//block[@name='frameShapes']//property[@name='Material']/@value">MresourceWoodScraps</set>
	<set xpath="//block[@name='frameShapes']//property[@name='FuelValue']/@value">20</set>
	<set xpath="//block[@name='frameShapes']/property[@class='RepairItems']/property[@name='resourceWood']/@value">10</set>
	<set xpath="//block[@name='frameShapes']/property[@class='RepairItems']/property[@name='resourceWood']/@name">resourceWoodScraps</set>
	<set xpath="//block[@name='woodWeakNoUpgradeMaster']//property[@name='Material']/@value">MresourceWoodScraps</set>
	
	<!-- *** properties for wood logs adjusted *** -->
	<set xpath="//block[@name='woodLogPillar100']//property[@name='FuelValue']/@value">300</set>
	<insertafter xpath="//block[@name='woodLogPillar100']//property[@name='Shape']">
	<property name="Material" value="MresourceWoodScraps"/>
	<property name="Weight" value="750"/>
	<property class="RepairItems">
		<property name="resourceWood" value="6"/>
	</property>
	<drop event="Harvest" name="resourceWood" count="3,5" tag="oreWoodHarvest"/>	
	<drop event="Destroy" name="resourceWoodScraps" count="55" tag="oreWoodHarvest"/>	
	</insertafter>
	<insertbefore xpath="//block[@name='woodLogPillar100']/property[@name='Group']">
	<property name="Tags" value="wood"/>	
	</insertbefore>
	<setattribute xpath="//block[@name='woodLogPillar100']" name="Group">Basics,Building,advBuilding</setattribute>
	
	<!-- *** scrapping values 50% lower *** -->
	<set xpath="//block/property[@name='Weight'][@value='7']/@value">4</set>
	<set xpath="//block/property[@name='Weight'][@value='10']/@value">5</set>
	<set xpath="//block/property[@name='Weight'][@value='16']/@value">8</set>
	<set xpath="//block/property[@name='Weight'][@value='20']/@value">10</set>
	<set xpath="//block/property[@name='Weight'][@value='23']/@value">11</set>
	<set xpath="//block/property[@name='Weight'][@value='24']/@value">12</set>
	<set xpath="//block/property[@name='Weight'][@value='40']/@value">20</set>
	<set xpath="//block/property[@name='Weight'][@value='63']/@value">32</set>
	<set xpath="//block/property[@name='Weight'][@value='70']/@value">35</set>
	<set xpath="//block/property[@name='Weight'][@value='83']/@value">42</set>
	<set xpath="//block/property[@name='Weight'][@value='90']/@value">45</set>
	<set xpath="//block/property[@name='Weight'][@value='100']/@value">50</set>
	<set xpath="//block/property[@name='Weight'][@value='125']/@value">60</set>
	
	<!-- *** wood replaced by wood scraps when harvesting blocks *** -->	
	<set xpath="//block[not (contains(@name,'woodPlanksStack'))]//drop[@event='Harvest' and @name='resourceWood']/@name">resourceWoodScraps</set>
	<set xpath="//block[not (contains(@name,'woodPlanksStack'))]//drop[@event='Destroy' and @name='resourceWood']/@name">resourceWoodScraps</set>
	<set xpath="//block[@name='woodChair1']//property[@name='CanPickup']/@value">false</set>
	<set xpath="//block[@name='woodLogPillar100']/drop[@event='Harvest']/@name">resourceWood</set>
	<set xpath="//block[@name='woodLogPillar100']/drop[@event='Harvest']/@count">5,8</set>	
	
	<!-- *** wood plank stack harvests for wood, not scraps *** -->
	<insertafter xpath="//block[@name='woodPlanksStack']//property[1]">
	<property name="Material" value="Mwood"/>
	</insertafter>
	
	<insertbefore xpath="//block[@name='woodPlanksStack']//property[6]">
	<property name="Collide" value="movement,melee,bullet,arrow,rocket"/>
	<drop event="Harvest" name="resourceWood" count="20" tag="allHarvest"/>
	<drop event="Destroy" count="0"/>
	<drop event="Fall" name="terrDestroyedWoodDebris" count="1" prob="0.75" stick_chance="1"/>
	</insertbefore>
	
	<!-- *** shrubs harvest for branches, trees for logs, stumps for scraps *** -->
	<set xpath="//block[@name='treePlainsTree']//drop[@event='Harvest']/@name">resourceBranch</set>
	<set xpath="//block[@name='treeDeadPineLeaf']//drop[@event='Harvest']/@name">resourceBranch</set>
	<set xpath="//block[@name='treeSnowyDeadBush']//drop[@event='Harvest']/@name">resourceBranch</set>
	<set xpath="//block[@name='treeAzalea']//drop[@event='Harvest']/@name">resourceBranch</set>
	<set xpath="//block[@name='plantHedge']//drop[@event='Harvest']/@name">resourceBranch</set>
	<set xpath="//block[@name='treeDeadTree01']//drop[@event='Harvest']/@name">woodLogPillar100</set>
	<set xpath="//block[@name='treeDeadTree01']/drop[@event='Harvest']/@count">3</set>
	<set xpath="//block[@name='treeDeadTree02']//drop[@event='Harvest']/@name">woodLogPillar100</set>
	<set xpath="//block[@name='treeDeadTree02']/drop[@event='Harvest']/@count">3</set>
	<set xpath="//block[@name='treePlainsTree2']//drop[@event='Harvest']/@name">woodLogPillar100</set>
	<set xpath="//block[@name='treePlainsTree2']/drop[@event='Harvest']/@count">3</set>
	<set xpath="//block[@name='treeMountainPineDry21m']//drop[@event='Harvest']/@name">woodLogPillar100</set>
	<set xpath="//block[@name='treeMountainPineDry21m']/drop[@event='Harvest']/@count">11</set>
	<set xpath="//block[starts-with(@name,'treeOak')]/drop[@event='Harvest']/@name">woodLogPillar100</set>
	<set xpath="//block[@name='treeOakSml01']/drop[@event='Harvest']/@count">3</set>
	<set xpath="//block[@name='treeOakMed01']/drop[@event='Harvest']/@count">7</set>
	<set xpath="//block[@name='treeOakMed02']/drop[@event='Harvest']/@count">11</set>
	<set xpath="//block[@name='treeOakLrg01']/drop[@event='Harvest']/@count">15</set>
	<set xpath="//block[starts-with(@name,'treePlantedOak') and not(contains(@name,'treePlantedOak1m'))]/drop[@event='Harvest']/@name">woodLogPillar100</set>
	<set xpath="//block[@name='treePlantedOak08m']/drop[@event='Harvest']/@count">3</set>
	<set xpath="//block[@name='treePlantedOak16m']/drop[@event='Harvest']/@count">7</set>
	<set xpath="//block[@name='treePlantedOak27m']/drop[@event='Harvest']/@count">11</set>
	<set xpath="//block[@name='treePlantedOak41m']/drop[@event='Harvest']/@count">15</set>
	<set xpath="//block[@name='treeJuniper4m']//drop[@event='Harvest']/@name">woodLogPillar100</set>
	<set xpath="//block[@name='treeJuniper4m']/drop[@event='Harvest']/@count">3</set>
	<set xpath="//block[starts-with(@name,'treeMountainPine')]/drop[@event='Harvest']/@name">woodLogPillar100</set>
	<set xpath="//block[@name='treeMountainPine12m']/drop[@event='Harvest']/@count">3</set>
	<set xpath="//block[@name='treeMountainPine19m']/drop[@event='Harvest']/@count">7</set>
	<set xpath="//block[@name='treeMountainPine27m']/drop[@event='Harvest']/@count">11</set>
	<set xpath="//block[@name='treeMountainPine31m']/drop[@event='Harvest']/@count">11</set>
	<set xpath="//block[@name='treeMountainPine41m']/drop[@event='Harvest']/@count">15</set>
	<set xpath="//block[@name='treeMountainPine48m']/drop[@event='Harvest']/@count">15</set>
	<set xpath="//block[@name='treeFirLrg01']//drop[@event='Harvest']/@name">woodLogPillar100</set>
	<set xpath="//block[@name='treeFirLrg01']/drop[@event='Harvest']/@count">15</set>
	<set xpath="//block[starts-with(@name,'treePlantedMountainPine') and not(contains(@name,'treePlantedMountainPine1m'))]/drop[@event='Harvest']/@name">woodLogPillar100</set>
	<set xpath="//block[@name='treePlantedMountainPine12m']/drop[@event='Harvest']/@count">3</set>
	<set xpath="//block[@name='treePlantedMountainPine19m']/drop[@event='Harvest']/@count">7</set>
	<set xpath="//block[@name='treePlantedMountainPine27m']/drop[@event='Harvest']/@count">11</set>
	<set xpath="//block[@name='treePlantedMountainPine41m']/drop[@event='Harvest']/@count">15</set>
	<set xpath="//block[starts-with(@name,'treeWinter')]/drop[@event='Harvest']/@name">woodLogPillar100</set>
	<set xpath="//block[@name='treeWinterEverGreen']/drop[@event='Harvest']/@count">3</set>
	<set xpath="//block[@name='treeWinterPine13m']/drop[@event='Harvest']/@count">7</set>
	<set xpath="//block[@name='treeWinterPine19m']/drop[@event='Harvest']/@count">11</set>
	<set xpath="//block[@name='treeWinterPine28m']/drop[@event='Harvest']/@count">15</set>
	<set xpath="//block[starts-with(@name,'treePlantedWinter') and not(contains(@name,'treePlantedWinterPine1m'))]/drop[@event='Harvest']/@name">woodLogPillar100</set>
	<set xpath="//block[@name='treePlantedWinterPine6m']/drop[@event='Harvest']/@count">3</set>
	<set xpath="//block[@name='treePlantedWinterPine13m']/drop[@event='Harvest']/@count">7</set>
	<set xpath="//block[@name='treePlantedWinterPine19m']/drop[@event='Harvest']/@count">11</set>
	<set xpath="//block[@name='treePlantedWinterPine28m']/drop[@event='Harvest']/@count">15</set>
	<set xpath="//block[starts-with(@name,'treePineBurnt')]/drop[@event='Harvest']/@name">woodLogPillar100</set>
	<set xpath="//block[@name='treePineBurntLrg']/drop[@event='Harvest']/@count">15</set>
	<set xpath="//block[@name='treePineBurntMed']/drop[@event='Harvest']/@count">11</set>
	<set xpath="//block[@name='treePineBurntFullMed']/drop[@event='Harvest']/@count">11</set>
	<set xpath="//block[starts-with(@name,'treeBurntMaple')]/drop[@event='Harvest']/@name">woodLogPillar100</set>
	<set xpath="//block[@name='treeBurntMaple01']/drop[@event='Harvest']/@count">3</set>
	<set xpath="//block[@name='treeBurntMaple02']/drop[@event='Harvest']/@count">11</set>
	<set xpath="//block[@name='treeBurntMaple03']/drop[@event='Harvest']/@count">15</set>
	<set xpath="//block[starts-with(@name,'treeStump')]/drop[@event='Harvest']/@name">resourceWoodScraps</set>
	<set xpath="//block[starts-with(@name,'treeStump')]/drop[@event='Harvest']/@count">10,20</set>
	<append xpath="//block[starts-with(@name,'treeDead') and not(contains(@name,'treeDeadPineLeaf'))]">
	<drop event="Harvest" name="resourceWoodScraps" count="35,70" tag="allHarvest"/>
	<drop event="Harvest" name="resourceBranch" count="5,10" tag="allHarvest"/>
	</append>
	<append xpath="//block[starts-with(@name,'treePlains')]">
	<drop event="Harvest" name="resourceWoodScraps" count="35,70" tag="allHarvest"/>
	<drop event="Harvest" name="resourceBranch" count="5,10" tag="allHarvest"/>
	</append>
	<append xpath="//block[starts-with(@name,'treeMountainPine')]">
	<drop event="Harvest" name="resourceWoodScraps" count="35,70" tag="allHarvest"/>
	<drop event="Harvest" name="resourceBranch" count="5,10" tag="allHarvest"/>
	</append>
	<append xpath="//block[starts-with(@name,'treeOak')]">
	<drop event="Harvest" name="resourceWoodScraps" count="35,70" tag="allHarvest"/>
	<drop event="Harvest" name="resourceBranch" count="5,10" tag="allHarvest"/>
	</append>
	<append xpath="//block[starts-with(@name,'treePlanted')]">
	<drop event="Harvest" name="resourceWoodScraps" count="35,70" tag="allHarvest"/>
	<drop event="Harvest" name="resourceBranch" count="5,10" tag="allHarvest"/>
	</append>
	<append xpath="//block[starts-with(@name,'treeJuniper')]">
	<drop event="Harvest" name="resourceWoodScraps" count="35,70" tag="allHarvest"/>
	<drop event="Harvest" name="resourceBranch" count="5,10" tag="allHarvest"/>
	</append>
	<append xpath="//block[starts-with(@name,'treeFir')]">
	<drop event="Harvest" name="resourceWoodScraps" count="35,70" tag="allHarvest"/>
	<drop event="Harvest" name="resourceBranch" count="5,10" tag="allHarvest"/>
	</append>
	<append xpath="//block[starts-with(@name,'treeWinter')]">
	<drop event="Harvest" name="resourceWoodScraps" count="35,70" tag="allHarvest"/>
	<drop event="Harvest" name="resourceBranch" count="5,10" tag="allHarvest"/>
	</append>
	<append xpath="//block[starts-with(@name,'treePine')]">
	<drop event="Harvest" name="resourceWoodScraps" count="35,70" tag="allHarvest"/>
	<drop event="Harvest" name="resourceBranch" count="5,10" tag="allHarvest"/>
	</append>
	<remove xpath="//block[@name='treePlainsTree']/drop[@event='Harvest'][@name='resourceWoodScraps']"/>
	
	<!-- *** harvest counts 50% lower *** -->
	<set xpath="//block//drop[@event='Harvest'][@count='0,1']/@count">1</set>
	<set xpath="//block//drop[@event='Harvest'][@count='0,2']/@count">1</set>
	<set xpath="//block//drop[@event='Harvest'][@count='0,3']/@count">1</set>
	<set xpath="//block//drop[@event='Harvest'][@count='1,2']/@count">1</set>
	<set xpath="//block//drop[@event='Harvest'][@count='1,3']/@count">1</set>
	<set xpath="//block//drop[@event='Harvest'][@count='1,4']/@count">1,2</set>
	<set xpath="//block//drop[@event='Harvest'][@count='1,5']/@count">1,2</set>
	<set xpath="//block//drop[@event='Harvest'][@count='1,7']/@count">1,3</set>
	<set xpath="//block//drop[@event='Harvest'][@count='1,8']/@count">1,4</set>
	<set xpath="//block//drop[@event='Harvest'][@count='1,15']/@count">1,7</set>
	<set xpath="//block//drop[@event='Harvest'][@count='2,3']/@count">1,2</set>
	<set xpath="//block//drop[@event='Harvest'][@count='2,4']/@count">1,2</set>
	<set xpath="//block//drop[@event='Harvest'][@count='2,5']/@count">1,2</set>
	<set xpath="//block//drop[@event='Harvest'][@count='2,6']/@count">1,3</set>
	<set xpath="//block//drop[@event='Harvest'][@count='2,8']/@count">1,4</set>
	<set xpath="//block//drop[@event='Harvest'][@count='3,4']/@count">1,2</set>
	<set xpath="//block//drop[@event='Harvest'][@count='3,5']/@count">1,2</set>
	<set xpath="//block//drop[@event='Harvest'][@count='3,6']/@count">1,3</set>
	<set xpath="//block//drop[@event='Harvest'][@count='3,12']/@count">1,6</set>
	<set xpath="//block//drop[@event='Harvest'][@count='4,8']/@count">2,4</set>
	<set xpath="//block//drop[@event='Harvest'][@count='4,10']/@count">2,5</set>
	<set xpath="//block//drop[@event='Harvest'][@count='5,8']/@count">2,4</set>
	<set xpath="//block//drop[@event='Harvest'][@count='5,10']/@count">2,5</set>
	<set xpath="//block//drop[@event='Harvest'][@count='5,15']/@count">2,7</set>
	<set xpath="//block//drop[@event='Harvest'][@count='5,40']/@count">2,20</set>
	<set xpath="//block//drop[@event='Harvest'][@count='6,12']/@count">3,6</set>
	<set xpath="//block//drop[@event='Harvest'][@count='6,10']/@count">3,5</set>
	<set xpath="//block//drop[@event='Harvest'][@count='8,12']/@count">4,6</set>
	<set xpath="//block//drop[@event='Harvest'][@count='8,14']/@count">4,7</set>
	<set xpath="//block//drop[@event='Harvest'][@count='8,15']/@count">4,7</set>
	<set xpath="//block//drop[@event='Harvest'][@count='8,22']/@count">4,11</set>
	<set xpath="//block//drop[@event='Harvest'][@count='10,20']/@count">5,10</set>
	<set xpath="//block//drop[@event='Harvest'][@count='10,30']/@count">5,15</set>
	<set xpath="//block//drop[@event='Harvest'][@count='10,40']/@count">5,20</set>
	<set xpath="//block//drop[@event='Harvest'][@count='12,20']/@count">6,10</set>
	<set xpath="//block//drop[@event='Harvest'][@count='12,25']/@count">6,12</set>
	<set xpath="//block//drop[@event='Harvest'][@count='15,20']/@count">7,10</set>
	<set xpath="//block//drop[@event='Harvest'][@count='15,24']/@count">7,12</set>
	<set xpath="//block//drop[@event='Harvest'][@count='15,45']/@count">7,22</set>
	<set xpath="//block//drop[@event='Harvest'][@count='16,24']/@count">8,12</set>
	<set xpath="//block//drop[@event='Harvest'][@count='17,35']/@count">8,17</set>
	<set xpath="//block//drop[@event='Harvest'][@count='20,30']/@count">10,15</set>
	<set xpath="//block//drop[@event='Harvest'][@count='20,40']/@count">10,20</set>
	<set xpath="//block//drop[@event='Harvest'][@count='20,50']/@count">10,25</set>
	<set xpath="//block//drop[@event='Harvest'][@count='20,100']/@count">10,50</set>
	<set xpath="//block//drop[@event='Harvest'][@count='24,30']/@count">12,15</set>
	<set xpath="//block//drop[@event='Harvest'][@count='30,40']/@count">15,20</set>
	<set xpath="//block//drop[@event='Harvest'][@count='35,90']/@count">17,45</set>
	<set xpath="//block//drop[@event='Harvest'][@count='40,70']/@count">20,35</set>
	<set xpath="//block//drop[@event='Harvest'][@count='50,200']/@count">25,100</set>
	<set xpath="//block//drop[@event='Harvest'][@count='70,180']/@count">35,90</set>
	<set xpath="//block//drop[@event='Harvest'][@count='140,360']/@count">70,180</set>
	<set xpath="//block//drop[@event='Harvest'][@count='150,250']/@count">75,125</set>
	<!-- <set xpath="//block[not (contains(@name,'HarvestPlayer'))]//drop[@event='Harvest'][@count='2']/@count">1</set> -->
	<set xpath="//block//drop[@event='Harvest'][@count='2']/@count">1</set>
	<set xpath="//block//drop[@event='Harvest'][@count='3']/@count">1</set>
	<set xpath="//block//drop[@event='Harvest'][@count='4']/@count">2</set>
	<set xpath="//block//drop[@event='Harvest'][@count='5']/@count">2</set>
	<set xpath="//block//drop[@event='Harvest'][@count='6']/@count">3</set>
	<set xpath="//block//drop[@event='Harvest'][@count='8']/@count">4</set>
	<set xpath="//block//drop[@event='Harvest'][@count='9']/@count">4</set>
	<set xpath="//block//drop[@event='Harvest'][@count='10']/@count">5</set>
	<set xpath="//block//drop[@event='Harvest'][@count='11']/@count">5</set>
	<set xpath="//block//drop[@event='Harvest'][@count='12']/@count">6</set>
	<set xpath="//block//drop[@event='Harvest'][@count='14']/@count">7</set>
	<set xpath="//block//drop[@event='Harvest'][@count='15']/@count">7</set>
	<set xpath="//block//drop[@event='Harvest'][@count='16']/@count">8</set>
	<set xpath="//block//drop[@event='Harvest'][@count='17']/@count">8</set>
	<set xpath="//block//drop[@event='Harvest'][@count='20']/@count">10</set>
	<set xpath="//block//drop[@event='Harvest'][@count='21']/@count">10</set>
	<set xpath="//block//drop[@event='Harvest'][@count='22']/@count">11</set>
	<set xpath="//block//drop[@event='Harvest'][@count='24']/@count">12</set>
	<set xpath="//block//drop[@event='Harvest'][@count='25']/@count">12</set>
	<set xpath="//block//drop[@event='Harvest'][@count='27']/@count">13</set>
	<set xpath="//block//drop[@event='Harvest'][@count='30']/@count">15</set>
	<set xpath="//block//drop[@event='Harvest'][@count='32']/@count">16</set>
	<set xpath="//block//drop[@event='Harvest'][@count='40']/@count">20</set>
	<set xpath="//block//drop[@event='Harvest'][@count='50']/@count">25</set>
	<set xpath="//block//drop[@event='Harvest'][@count='55']/@count">27</set>
	<set xpath="//block//drop[@event='Harvest'][@count='60']/@count">30</set>
	<set xpath="//block//drop[@event='Harvest'][@count='80']/@count">40</set>
	<set xpath="//block//drop[@event='Harvest'][@count='96']/@count">48</set>
	<set xpath="//block//drop[@event='Harvest'][@count='100']/@count">50</set>
	<set xpath="//block//drop[@event='Harvest'][@count='105']/@count">52</set>
	<set xpath="//block//drop[@event='Harvest'][@count='120']/@count">60</set>
	<set xpath="//block//drop[@event='Harvest'][@count='150']/@count">75</set>
	<set xpath="//block//drop[@event='Harvest'][@count='192']/@count">96</set>
	<set xpath="//block//drop[@event='Harvest'][@count='200']/@count">100</set>
	<set xpath="//block//drop[@event='Harvest'][@count='300']/@count">150</set>
	<set xpath="//block//drop[@event='Harvest'][@count='400']/@count">200</set>
</configs>