<configs>
	<!-- search find all *** for changes -->
	
	<append xpath="/items">	
	<!-- *** starter backpack *** -->
	<item name="Backpack">
		<property name="CustomIcon" value="backpackMedium"/>
		<property name="ItemTypeIcon" value="bundle"/>
		<property name="HoldType" value="45"/>
		<property name="Meshfile" value="@:Other/Items?Misc/sackPrefab.prefab"/>
		<property name="DropMeshfile" value="@:Other/Items?Misc/sack_droppedPrefab.prefab"/>
		<property name="Material" value="Mmetal"/>
		<property name="Stacknumber" value="1"/> <!-- STK ammobundle high -->
		<property name="EconomicValue" value="0"/>
		<property class="Action0">
			<property name="Class" value="OpenBundle"/>
			<property name="Delay" value="0"/>
			<property name="Use_time" value="0"/>
			<property name="Sound_start" value="UseActions/open_backpack"/>
			<property name="Create_item" value="drinkJarPureMineralWater,foodSteakAndPotato,medicalFirstAidBandage,meleeToolFlashlight02,noteDuke01"/>
			<property name="Create_item_count" value="2,2,2,1,1"/>
		</property>
	</item>
	
	<!-- *** cure infection, permanently *** -->
	<item name="TheCure">
		<property name="DescriptionKey" value="TheCureDesc" />
		<property name="Tags" value="medical"/>
		<property name="CustomIcon" value="drugSteroids"/> <property name="CustomIconTint" value="800080"/>
		<property name="HoldType" value="16"/>
		<property name="Meshfile" value="@:Other/Items?Health/painkillersPrefab.prefab"/>
		<property name="DropMeshfile" value="@:Other/Items?Misc/sack_droppedPrefab.prefab"/>
		<property name="Material" value="Morganic"/>
		<property name="EconomicValue" value="0"/>
		<property name="Stacknumber" value="1"/> <!-- STK loot -->
		<property name="Candrop" value="false"/>
		<property name="DisplayType" value="cureInfection"/>
		<property name="Group" value="Science,CFChemicals,Medical"/>
		<property class="Action0">
			<property name="Class" value="Eat"/>
			<property name="Delay" value="1.0"/>
			<property name="Use_time" value="..."/>
			<property name="Sound_start" value="player_painkillers"/>
			<property name="Create_item" value="TheCure"/>
		</property>		
		
		<effect_group tiered="false">
            <display_value name="dCureInfection" value="1"/> 
			<triggered_effect trigger="onSelfPrimaryActionEnd" action="AddBuff" buff="infectionImmunity"/>			
        </effect_group>
        
        <effect_group tiered="false">
            <triggered_effect trigger="onSelfPrimaryActionEnd" action="RemoveBuff" buff="buffInfectionMain"/>
            <triggered_effect trigger="onSelfPrimaryActionEnd" action="RemoveBuff" buff="buffInfectionCureDisplay"/>
            <triggered_effect trigger="onSelfPrimaryActionEnd" action="RemoveBuff" buff="buffInfection01Untreated"/>
            <triggered_effect trigger="onSelfPrimaryActionEnd" action="RemoveBuff" buff="buffInfection01GetBetter"/>
            <triggered_effect trigger="onSelfPrimaryActionEnd" action="RemoveBuff" buff="buffInfection02Untreated"/>
            <triggered_effect trigger="onSelfPrimaryActionEnd" action="RemoveBuff" buff="buffInfection02GetBetter"/>
            <triggered_effect trigger="onSelfPrimaryActionEnd" action="RemoveBuff" buff="buffInfection03Untreated"/>
            <triggered_effect trigger="onSelfPrimaryActionEnd" action="RemoveBuff" buff="buffInfection03GetBetter"/>
        </effect_group>
	</item>
	
	<!-- *** new bundles for moving crafted vehicles to their deploy position *** -->
	<item name="MinibikeBundle">
		<property name="Extends" value="questRewardBundleMaster"/>
		<property name="CreativeMode" value="Player"/>
		<property name="CustomIcon" value="bundleVehicleMiniBike"/>
		<property name="CustomIconTint" value="FFFFFF"/>
		<property name="ItemTypeIcon" value="bundle"/>
		<property name="DescriptionKey" value="MinibikeBundleDesc"/>
		<property class="Action0">
			<property name="Create_item" value="vehicleMinibikePlaceable"/>
			<property name="Create_item_count" value="1"/>
		</property>
	</item>
	
	<item name="MotorcycleBundle">
		<property name="Extends" value="questRewardBundleMaster"/>
		<property name="CreativeMode" value="Player"/>
		<property name="CustomIcon" value="bundleVehicleMotorCycle"/>
		<property name="CustomIconTint" value="FFFFFF"/>
		<property name="ItemTypeIcon" value="bundle"/>
		<property name="DescriptionKey" value="MotorcycleBundleDesc"/>
		<property class="Action0">
			<property name="Create_item" value="vehicleMotorcyclePlaceable"/>
			<property name="Create_item_count" value="1"/>
		</property>
	</item>
	
	<item name="4x4Bundle">
		<property name="Extends" value="questRewardBundleMaster"/>
		<property name="CreativeMode" value="Player"/>
		<property name="CustomIcon" value="bundleVehicle4x4"/>
		<property name="CustomIconTint" value="FFFFFF"/>
		<property name="ItemTypeIcon" value="bundle"/>
		<property name="DescriptionKey" value="4x4BundleDesc"/>
		<property class="Action0">
			<property name="Create_item" value="vehicle4x4TruckPlaceable"/>
			<property name="Create_item_count" value="1"/>			
		</property>
	</item>
	
	<item name="GyroBundle">
		<property name="Extends" value="questRewardBundleMaster"/>
		<property name="CreativeMode" value="Player"/>
		<property name="CustomIcon" value="bundleVehicleGyro"/>
		<property name="CustomIconTint" value="FFFFFF"/>
		<property name="ItemTypeIcon" value="bundle"/>
		<property name="DescriptionKey" value="GyroBundleDesc"/>
		<property class="Action0">
			<property name="Create_item" value="vehicleGyrocopterPlaceable"/>
			<property name="Create_item_count" value="1"/>
		</property>
	</item>
	
	<!-- *** bicycle stamina saver schematic *** -->
	<item name="modBicycleStaminaSaverSchematic">
		<property name="Extends" value="schematicNoQualityMaster"/>
		<property name="CreativeMode" value="Player"/>
		<property name="CustomIcon" value="modBicycleStaminaSaver"/>
		<property name="Unlocks" value="modBicycleStaminaSaver"/>
		<effect_group tiered="false">
			<triggered_effect trigger="onSelfPrimaryActionEnd" action="ModifyCVar" cvar="modBicycleStaminaSaver" operation="set" value="1"/>
			<triggered_effect trigger="onSelfPrimaryActionEnd" action="GiveExp" exp="50"/>
		</effect_group>
	</item>
	
	</append>	
	
	
	<!-- *** nerf honey to 3% cure for infection *** -->
	<set xpath="//item[@name='foodHoney']/effect_group[@tiered='false']/display_value[@name='dCureInfection']/@value">.03</set>
	<set xpath="//item[@name='foodHoney']/effect_group[@tiered='false']//triggered_effect[@cvar='$buffInfectionAddCurePerc']/@value">3</set>
	
	<!-- *** baseball bat scraps to iron *** -->
	<set xpath="//item[@name='meleeWpnClubT1BaseballBat']//property[@name='Material']/@value">Mmetal</set>
	
	<!-- *** primitive weapon/ammo material change *** -->
	<set xpath="//item[@name='meleeWpnClubT0WoodenClub']//property[@name='Material']/@value">MresourceWoodScraps</set>
	<set xpath="//item[@name='meleeWpnClubT0WoodenClub']//property[@name='RepairTools']/@value">resourceWoodScraps</set>
	<insertafter xpath="//item[@name='meleeWpnClubT0WoodenClub']//property[@name='Material']">
	<property name="Weight" value="100"/>
	</insertafter>
	<set xpath="//item[@name='gunBowT0PrimitiveBow']//property[@name='Material']/@value">MresourceWoodScraps</set>
	<set xpath="//item[@name='gunBowT0PrimitiveBow']//property[@name='RepairTools']/@value">resourceWoodScraps</set>
	<insertafter xpath="//item[@name='gunBowT0PrimitiveBow']//property[@name='Material']">
	<property name="Weight" value="100"/>
	</insertafter>
	<set xpath="//item[@name='ammoArrowStone']//property[@name='Material']/@value">Mstone</set>	
	<set xpath="//item[@name='ammoCrossbowBoltStone']//property[@name='Material']/@value">Mstone</set>	
	<set xpath="//item[@name='meleeToolTorch']//property[@name='Material']/@value">MresourceWoodScraps</set>
	<insertafter xpath="//item[@name='meleeToolTorch']//property[@name='Material']">
	<property name="Weight" value="100"/>
	</insertafter>
	
	<!-- *** new wood arrow/bolt. No feathers, no stone, low damage, always breaks *** -->
	<append xpath="/items">
	<item name="ammoArrowWood">
		<property name="CustomIcon" value="ammoArrowWood"/>
		<property name="CustomIconTint" value="654321"/>
		<property name="DescriptionKey" value="ammoArrowWoodDesc"/>
		<property name="DisplayType" value="ammoArrow"/>
		<property name="Tags" value="ammo,ranged,attAgility,perkArchery,perkPenetrator"/>
		<property name="Meshfile" value="@:Other/Items/Weapons/Ranged/Bows/Arrows/arrow_stonePrefab.prefab"/>
		<property name="HoldType" value="45"/>
		<property name="HandMeshfile" value="@:Other/Items/Misc/sackPrefab.prefab"/>
		<property name="DropMeshfile" value="@:Other/Items/Misc/sack_droppedPrefab.prefab"/>
		<property name="IsSticky" value="false"/>
		<property name="StickyOffset" value=".25"/>
		<property name="StickyColliderUp" value="2"/>
		<property name="StickyColliderRadius" value=".05"/>
		<property name="StickyColliderLength" value="1"/>
		<property name="Material" value="Mwood"/>
		<property name="Stacknumber" value="150"/> <!-- STK ammo low -->
		<property name="Weight" value="0"/>
		<property name="EconomicValue" value="1"/>
		<property name="TraderStageTemplate" value="arrowsTier0"/>
		<property name="EconomicBundleSize" value="5"/>
		<property name="Group" value="Ammo/Weapons,Basics,Ammo,Ranged Weapons"/>
		<property class="Action1">
			<property name="Class" value="Projectile"/>
			<property name="Explosion.ParticleIndex" value="0"/> <!-- no expl. -->
			<property name="FlyTime" value="0"/>
			<property name="Gravity" value="-5"/>
			<property name="LifeTime" value="14"/>
		</property>

		<effect_group name="ammoArrowWood" tiered="false">
			<passive_effect name="EntityDamage" operation="base_set" value="25" tags="perkArchery"/>
			<passive_effect name="BlockDamage" operation="base_set" value="1" tags="perkArchery"/>
			<passive_effect name="DamageModifier" operation="perc_set" value=".1" tags="wood"/>
			<passive_effect name="DamageModifier" operation="perc_set" value="0" tags="earth,metal,cloth"/>
			<passive_effect name="ProjectileVelocity" operation="base_set" value="35" tags="perkArchery"/>
		</effect_group>
	</item>
	
	<item name="ammoCrossbowBoltWood">
		<property name="Tags" value="ammo,ranged,attAgility,perkArchery,perkPenetrator"/>
		<property name="DisplayType" value="ammoArrow"/>
		<property name="CustomIcon" value="ammoArrowWood"/>
		<property name="CustomIconTint" value="654321"/>
		<property name="DescriptionKey" value="ammoCrossbowBoltWoodDesc"/>
		<property name="Meshfile" value="@:Other/Items/Weapons/Ranged/Bows/Arrows/bolt_stonePrefab.prefab"/>
		<property name="HoldType" value="45"/>
		<property name="HandMeshfile" value="@:Other/Items/Misc/sackPrefab.prefab"/>
		<property name="DropMeshfile" value="@:Other/Items/Misc/sack_droppedPrefab.prefab"/>
		<property name="Material" value="Mwood"/>
		<property name="IsSticky" value="false"/>
		<property name="StickyOffset" value=".12"/>
		<property name="StickyColliderUp" value="2"/>
		<property name="StickyColliderRadius" value=".05"/>
		<property name="StickyColliderLength" value=".75"/>
		<property name="Stacknumber" value="150"/> <!-- STK ammo low -->
		<property name="Weight" value="0"/>
		<property name="EconomicValue" value="1"/>
		<property name="TraderStageTemplate" value="arrowsTier0"/>
		<property name="EconomicBundleSize" value="5"/>
		<property name="Group" value="Ammo/Weapons,Ammo,Ranged Weapons"/>
		
		<property class="Action1">
			<property name="Class" value="Projectile"/>
			<property name="Explosion.ParticleIndex" value="0"/>
			<property name="Gravity" value="-3"/>
			<property name="FlyTime" value="0"/>
			<property name="LifeTime" value="14"/>
			<!-- <property name="DamageBonus.earth" value="0"/>
			<property name="DamageBonus.metal" value="0"/>
			<property name="DamageBonus.cloth" value="0"/> -->
		</property>
		<effect_group name="ammoCrossbowBoltWood" tiered="false">
			<passive_effect name="EntityDamage" operation="base_set" value="35" tags="perkArchery"/>
			<passive_effect name="BlockDamage" operation="base_set" value="1" tags="perkArchery"/>
			<passive_effect name="DamageModifier" operation="perc_set" value=".1" tags="wood"/>
			<passive_effect name="DamageModifier" operation="perc_set" value="0" tags="earth,metal,cloth"/>
			<passive_effect name="ProjectileVelocity" operation="base_set" value="57.5" tags="perkArchery"/>
		</effect_group>
	</item>
	</append>
	
	<!-- *** iron/steel arrows/bolts increased stick chance *** -->
	<insertafter xpath="//item[@name='ammoArrowIron']//effect_group//passive_effect[@name='ProjectileVelocity']">
	<passive_effect name="ProjectileStickChance" operation="perc_add" level="1" value=".1"/>
	</insertafter>
	<insertafter xpath="//item[@name='ammoArrowSteelAP']//effect_group//passive_effect[@name='ProjectileVelocity']">
	<passive_effect name="ProjectileStickChance" operation="perc_add" level="1" value=".1"/>
	</insertafter>
	<insertafter xpath="//item[@name='ammoCrossbowBoltIron']//effect_group//passive_effect[@name='ProjectileVelocity']">
	<passive_effect name="ProjectileStickChance" operation="perc_add" level="1" value=".1"/>
	</insertafter>
	<insertafter xpath="//item[@name='ammoCrossbowBoltSteelAP']//effect_group//passive_effect[@name='ProjectileVelocity']">
	<passive_effect name="ProjectileStickChance" operation="perc_add" level="1" value=".1"/>
	</insertafter>
	
	<set xpath="//item[@name='gunBowT0PrimitiveBow']/property[@class='Action0']//property[@name='Magazine_items']/@value">ammoArrowWood,ammoArrowStone,ammoArrowIron,ammoArrowSteelAP,ammoArrowFlaming,ammoArrowExploding</set>
	<set xpath="//item[@name='gunBowT1WoodenBow']/property[@class='Action0']//property[@name='Magazine_items']/@value">ammoArrowWood,ammoArrowStone,ammoArrowIron,ammoArrowSteelAP,ammoArrowFlaming,ammoArrowExploding</set>
	<set xpath="//item[@name='gunBowT3CompoundBow']/property[@class='Action0']//property[@name='Magazine_items']/@value">ammoArrowWood,ammoArrowStone,ammoArrowIron,ammoArrowSteelAP,ammoArrowFlaming,ammoArrowExploding</set>
	<set xpath="//item[@name='gunBowT1IronCrossbow']/property[@class='Action0']//property[@name='Magazine_items']/@value">ammoCrossbowBoltWood,ammoCrossbowBoltStone,ammoCrossbowBoltIron,ammoCrossbowBoltSteelAP,ammoCrossbowBoltFlaming,ammoCrossbowBoltExploding</set>
	<set xpath="//item[@name='gunBowT3CompoundCrossbow']/property[@class='Action0']//property[@name='Magazine_items']/@value">ammoCrossbowBoltWood,ammoCrossbowBoltStone,ammoCrossbowBoltIron,ammoCrossbowBoltSteelAP,ammoCrossbowBoltFlaming,ammoCrossbowBoltExploding</set>
		
	<!-- *** scrapping values 50% lower *** -->
	<set xpath="//item/property[@name='Weight'][@value='2']/@value">1</set>
	<set xpath="//item/property[@name='Weight'][@value='4']/@value">2</set>
	<set xpath="//item/property[@name='Weight'][@value='5']/@value">2</set>
	<set xpath="//item/property[@name='Weight'][@value='8']/@value">4</set>
	<set xpath="//item/property[@name='Weight'][@value='10']/@value">5</set>
	<set xpath="//item/property[@name='Weight'][@value='15']/@value">7</set>
	<set xpath="//item/property[@name='Weight'][@value='20']/@value">10</set>
	<set xpath="//item/property[@name='Weight'][@value='25']/@value">12</set>
	<set xpath="//item/property[@name='Weight'][@value='50']/@value">25</set>
	<set xpath="//item/property[@name='Weight'][@value='60']/@value">30</set>
	<set xpath="//item/property[@name='Weight'][@value='90']/@value">45</set>
	<set xpath="//item/property[@name='Weight'][@value='120']/@value">60</set>
	<set xpath="//item/property[@name='Weight'][@value='160']/@value">80</set>
	<set xpath="//item/property[@name='Weight'][@value='200']/@value">100</set>
	<set xpath="//item/property[@name='Weight'][@value='250']/@value">125</set>	
	
	<!-- *** wrench can be used as a tool in workbench *** -->
	<append xpath="//item[@name='meleeToolSalvageT1Wrench']">
		<property name="ItemTypeIcon" value="workbench"/>
		<effect_group tiered="false">
			<passive_effect name="ScrappingTime" operation="perc_add" value="-.333"/>
		</effect_group>
	</append>
	
	<!-- *** hammer can be used as a tool in workbench *** -->
	<append xpath="//item[@name='meleeToolRepairT1ClawHammer']">
		<property name="ItemTypeIcon" value="workbench"/>
		<effect_group tiered="false">
			<passive_effect name="CraftingTime" operation="perc_add" value="-.333"/>
		</effect_group>
	</append>
	
	<!-- *** ratchet can be used as a tool in workbench *** -->
	<append xpath="//item[@name='meleeToolSalvageT2Ratchet']">
		<property name="ItemTypeIcon" value="workbench"/>
		<!-- <effect_group tiered="false">
			<passive_effect name="CraftingTime" operation="perc_add" value="-.5"/>			
		</effect_group> -->
	</append>
	
	<!-- *** impact driver can be used as a tool in workbench *** -->
	<append xpath="//item[@name='meleeToolSalvageT3ImpactDriver']">
		<property name="ItemTypeIcon" value="workbench"/>
		<!-- <effect_group tiered="false">
			<passive_effect name="CraftingTime" operation="perc_add" value="-.75"/>			
		</effect_group> -->
	</append>
	
	<!-- *** nailgun can be used as a tool in workbench *** -->
	<append xpath="//item[@name='meleeToolRepairT3Nailgun']">
		<property name="ItemTypeIcon" value="workbench"/>
		<effect_group tiered="false">			
			<passive_effect name="ScrappingTime" operation="perc_add" value="-.75"/>
		</effect_group>
	</append>
	
	<!-- *** tablesaw is a workbench tool *** -->
	<!-- <append xpath="/items">
	<item name="toolTablesaw">
		<property name="CustomIcon" value="tableSaw"/>
		<property name="DescriptionKey" value="tableSawDesc"/>
		<property name="UnlockedBy" value="craftingWorkstations" />		
		<property name="Tags" value="workstationSkill" />
		<property name="HoldType" value="45" />
		<property name="Meshfile" value="@:Other/Items/Misc/sackPrefab.prefab" />
		<property name="DropMeshfile" value="@:Other/Items/Misc/sack_droppedPrefab.prefab" />
		<property name="Material" value="Mmetal" />
		<property name="Stacknumber" value="1" />
		<property name="Group" value="Tools/Traps" />
		<property name="EconomicValue" value="500" />
		<property name="SellableToTrader" value="false" />
		<property name="ItemTypeIcon" value="workbench" />
	  </item>
	</append> -->
	
	<!-- *** spider zombies cause poison *** -->
	<append xpath="/items">
		<item name="meleeHandZombieSpider">
		<property name="Extends" value="meleeHandMaster"/>
		<property name="CreativeMode" value="None"/>
		<property name="Degradation" value="99999" param1="true"/>
		<property class="Action0">
			<property name="Range" value="1.75"/>
			<property name="DamageEntity" value="10"/>
			<property name="DamageBlock" value="8"/>
		</property>
		<property class="Action1"> <!-- UseAction -->
			<property name="Class" value="Vomit"/>
			<property name="Hitmask_override" value="Arrow"/>
			<property name="Delay" value=".3"/> <!-- obsolete if rounds per minute exists -->
			<property name="Range" value="200"/>
			<property name="Infinite_ammo" value="true"/>
			<property name="Magazine_items" value="ammoProjectileZombieSpider"/>
			<property name="Sound_warning" value="hulkvomitwarning"/>
			<property name="Sound_start" value="hulkvomitattack"/>
			<property name="Sound_repeat" value=""/>
			<property name="Sound_end" value=""/>
			<property name="Sound_empty" value=""/>
			<property name="Sound_reload" value=""/>
		</property>
		<effect_group name="meleeHandZombieSpider" tiered="false">
			<passive_effect name="ModSlots" operation="base_set" value="0"/>
			<!--<passive_effect name="AttacksPerMinute" operation="base_set" value="75"/>  A16 .8 -->
			<passive_effect name="DamageFalloffRange" operation="base_set" value="50"/>
			<passive_effect name="MaxRange" operation="base_set" value="100"/>
			<passive_effect name="MagazineSize" operation="base_set" value="1"/>
			<passive_effect name="BurstRoundCount" operation="base_set" value="1"/>
			<passive_effect name="SpreadDegreesVertical" operation="base_set" value="2"/>
			<passive_effect name="SpreadDegreesHorizontal" operation="base_set" value="4"/>
			<passive_effect name="SpreadMultiplierIdle" operation="base_set" value="1"/>
			<triggered_effect trigger="onSelfAttackedOther" action="AddBuff" target="other" fireOneBuff="true"
				buff="buffFatiguedTrigger,buffArmSprainedCHTrigger,buffLegSprainedCHTrigger,buffLaceration,buffAbrasionCatch,buffInjuryStunned01CHTrigger,buffInjuryBleedingTwo,buffPoisoned"
				weights=".11,.07,.07,.05,.29,.36,.11,1"/>
			<triggered_effect trigger="onSelfAttackedOther" action="ModifyCVar" target="other" cvar="infectionCounter" operation="add" value="10"><!--InfectionRegular-->
				<requirement name="CVarCompare" target="other" cvar="infectionCounter" operation="GT" value="0"/></triggered_effect>
			<triggered_effect trigger="onSelfAttackedOther" action="ModifyCVar" target="other" cvar="abrasionZombieHit" operation="set" value="1800"/><!--AbrasionRegular-->
			<passive_effect name="BuffProcChance" operation="base_set" value="1" tags="buffPoisoned"/>
		</effect_group>
	</item>	
	
	<item name="meleeHandZombieSpiderFeral">
		<property name="Extends" value="meleeHandMaster"/>
		<property name="CreativeMode" value="None"/>
		<property name="Degradation" value="99999" param1="true"/>
		<property class="Action0">
			<property name="Range" value="1.75"/>
			<property name="DamageEntity" value="20"/>
			<property name="DamageBlock" value="24"/>
		</property>
		<property class="Action1"> <!-- UseAction -->
			<property name="Class" value="Vomit"/>
			<property name="Hitmask_override" value="Arrow"/>
			<property name="Delay" value=".3"/> <!-- obsolete if rounds per minute exists -->
			<property name="Range" value="200"/>
			<property name="Infinite_ammo" value="true"/>
			<property name="Magazine_items" value="ammoProjectileZombieSpiderFeral"/>
			<property name="Sound_warning" value="hulkvomitwarning"/>
			<property name="Sound_start" value="hulkvomitattack"/>
			<property name="Sound_repeat" value=""/>
			<property name="Sound_end" value=""/>
			<property name="Sound_empty" value=""/>
			<property name="Sound_reload" value=""/>
		</property>
		<effect_group name="meleeHandZombieSpiderFeral" tiered="false">
			<passive_effect name="ModSlots" operation="base_set" value="0"/>
			<!--<passive_effect name="AttacksPerMinute" operation="base_set" value="75"/>  A16 .8 -->
			<passive_effect name="DamageFalloffRange" operation="base_set" value="50"/>
			<passive_effect name="MaxRange" operation="base_set" value="100"/>
			<passive_effect name="MagazineSize" operation="base_set" value="1"/>
			<passive_effect name="BurstRoundCount" operation="base_set" value="1"/>
			<passive_effect name="SpreadDegreesVertical" operation="base_set" value="2"/>
			<passive_effect name="SpreadDegreesHorizontal" operation="base_set" value="4"/>
			<passive_effect name="SpreadMultiplierIdle" operation="base_set" value="1"/>
			<triggered_effect trigger="onSelfAttackedOther" action="AddBuff" target="other" fireOneBuff="true"
				buff="buffFatiguedTrigger,buffArmSprainedCHTrigger,buffLegSprainedCHTrigger,buffLaceration,buffAbrasionCatch,buffInjuryStunned01CHTrigger,buffInjuryBleedingTwo,buffPoisoned"
				weights=".11,.07,.07,.05,.29,.36,.11,1"/>
			<triggered_effect trigger="onSelfAttackedOther" action="ModifyCVar" target="other" cvar="infectionCounter" operation="add" value="10"><!--InfectionRegular-->
				<requirement name="CVarCompare" target="other" cvar="infectionCounter" operation="GT" value="0"/></triggered_effect>
			<triggered_effect trigger="onSelfAttackedOther" action="ModifyCVar" target="other" cvar="abrasionZombieHit" operation="set" value="1800"/><!--AbrasionRegular-->
			<passive_effect name="BuffProcChance" operation="base_set" value="1" tags="buffPoisoned"/>
		</effect_group>
	</item>	
	
	<item name="meleeHandZombieSpiderRadiated">
		<property name="Extends" value="meleeHandMaster"/>
		<property name="CreativeMode" value="None"/>
		<property name="Degradation" value="99999" param1="true"/>
		<property class="Action0">
			<property name="Range" value="1.75"/>
			<property name="DamageEntity" value="20"/>
			<property name="DamageBlock" value="100"/>
		</property>
		<property class="Action1"> <!-- UseAction -->
			<property name="Class" value="Vomit"/>
			<property name="Hitmask_override" value="Arrow"/>
			<property name="Delay" value=".3"/> <!-- obsolete if rounds per minute exists -->
			<property name="Range" value="200"/>
			<property name="Infinite_ammo" value="true"/>
			<property name="Magazine_items" value="ammoProjectileZombieSpiderFeral"/>
			<property name="Sound_warning" value="hulkvomitwarning"/>
			<property name="Sound_start" value="hulkvomitattack"/>
			<property name="Sound_repeat" value=""/>
			<property name="Sound_end" value=""/>
			<property name="Sound_empty" value=""/>
			<property name="Sound_reload" value=""/>
		</property>
		<effect_group name="meleeHandZombieSpider" tiered="false">
			<passive_effect name="ModSlots" operation="base_set" value="0"/>
			<!--<passive_effect name="AttacksPerMinute" operation="base_set" value="75"/>  A16 .8 -->
			<passive_effect name="DamageFalloffRange" operation="base_set" value="50"/>
			<passive_effect name="MaxRange" operation="base_set" value="100"/>
			<passive_effect name="MagazineSize" operation="base_set" value="1"/>
			<passive_effect name="BurstRoundCount" operation="base_set" value="1"/>
			<passive_effect name="SpreadDegreesVertical" operation="base_set" value="2"/>
			<passive_effect name="SpreadDegreesHorizontal" operation="base_set" value="4"/>
			<passive_effect name="SpreadMultiplierIdle" operation="base_set" value="1"/>
			<triggered_effect trigger="onSelfAttackedOther" action="AddBuff" target="other" fireOneBuff="true"
				buff="buffFatiguedTrigger,buffArmSprainedCHTrigger,buffLegSprainedCHTrigger,buffLaceration,buffAbrasionCatch,buffInjuryStunned01CHTrigger,buffInjuryBleedingTwo,buffPoisoned"
				weights=".11,.07,.07,.05,.29,.36,.11,1"/>
			<triggered_effect trigger="onSelfAttackedOther" action="ModifyCVar" target="other" cvar="infectionCounter" operation="add" value="10"><!--InfectionRegular-->
				<requirement name="CVarCompare" target="other" cvar="infectionCounter" operation="GT" value="0"/></triggered_effect>
			<triggered_effect trigger="onSelfAttackedOther" action="ModifyCVar" target="other" cvar="abrasionZombieHit" operation="set" value="1800"/><!--AbrasionRegular-->
			<passive_effect name="BuffProcChance" operation="base_set" value="1" tags="buffPoisoned"/>
		</effect_group>
	</item>	
	
	<item name="ammoProjectileZombieSpider">
		<property name="Meshfile" value="@:Other/Items/Weapons/Ranged/Vomit/vomitBulbPrefab.prefab"/>
		<property name="Material" value="Morganic"/>
		<property name="CreativeMode" value="None"/>
		<property name="CustomIcon" value="missingIcon"/>
		<property class="Action1">
			<property name="Class" value="Projectile"/>
			<property name="DamageEntity" value="10"/>
			<property name="DamageBlock" value="120"/>
			<property name="Explosion.ParticleIndex" value="7"/>
			<property name="Velocity" value="18"/>
			<property name="FlyTime" value="2"/>
			<property name="LifeTime" value="4"/>
			<property name="CollisionRadius" value=".5"/>
			<property name="DamageBonus.earth" value="0"/>
			<property name="Buff" value="buffInfectionCatch"/>
		</property>
		<effect_group name="ammoProjectileZombieSpider" tiered="false">
			<passive_effect name="ModSlots" operation="base_set" value="0"/>
			<passive_effect name="DamageModifier" operation="perc_set" value="0" tags="earth"/>
			<passive_effect name="DamageModifier" operation="perc_set" value="0.5" tags="stone"/>
			<passive_effect name="DamageModifier" operation="perc_add" value="1.2" tags="metal"/>
			<!-- <passive_effect name="BuffProcChance" operation="base_set" value="1" tags="buffPoisoned"/> -->
			<passive_effect name="BuffProcChance" operation="base_set" value=".30" tags="buffInfectionCatch"/>			
			<triggered_effect trigger="onSelfAttackedOther" action="ModifyCVar" target="other" cvar="infectionCounter" operation="add" value="10"><!--InfectionRegular-->
				<requirement name="CVarCompare" target="other" cvar="infectionCounter" operation="GT" value="0"/></triggered_effect>
			<triggered_effect trigger="onSelfAttackedOther" action="ModifyCVar" target="other" cvar="abrasionZombieHit" operation="set" value="1800"/><!--AbrasionRegular-->
		</effect_group>
	</item>
	
	<item name="ammoProjectileZombieSpiderFeral">
		<property name="Extends" value="ammoProjectileZombieSpider"/>
		<property name="CreativeMode" value="None"/>
		<property name="CustomIcon" value="missingIcon"/>
		<property class="Action1">
			<property name="DamageEntity" value="20"/>
			<property name="DamageBlock" value="240"/>
			<property name="Velocity" value="18"/>
			<property name="FlyTime" value="2"/>
			<property name="LifeTime" value="4"/>
			<property name="Explosion.ParticleIndex" value="7"/>
			<property name="Explosion.RadiusBlocks" value="2"/>
			<property name="Explosion.RadiusEntities" value="1"/>
			<property name="Explosion.DamageBonus.water" value="0"/>
			<property name="Explosion.DamageBonus.earth" value="0"/>
		</property>
		<effect_group name="ammoProjectileZombieSpiderFeral" tiered="false">
			<passive_effect name="DamageModifier" operation="perc_set" value="0" tags="earth"/>
			<passive_effect name="DamageModifier" operation="perc_set" value="0.5" tags="stone"/>
			<passive_effect name="DamageModifier" operation="perc_add" value="1.2" tags="metal"/>
			<passive_effect name="BuffProcChance" operation="base_set" value=".40" tags="buffInfectionCatch"/>
			<passive_effect name="BlockDamage" operation="base_set" value="105"/>
			<passive_effect name="EntityDamage" operation="base_set" value="1"/>
			<triggered_effect trigger="onSelfAttackedOther" action="ModifyCVar" target="other" cvar="infectionCounter" operation="add" value="15"><!--InfectionFeral-->
				<requirement name="CVarCompare" target="other" cvar="infectionCounter" operation="GT" value="0"/></triggered_effect>
			<triggered_effect trigger="onSelfAttackedOther" action="ModifyCVar" target="other" cvar="abrasionZombieHit" operation="set" value="2400"/><!--AbrasionFeral-->
		</effect_group>
	</item>	
	
	<item name="meleeHandZombieCustomMutated">
		<property name="Extends" value="meleeHandZombie01"/>
		<property name="CreativeMode" value="None"/>
		<property class="Action0">
			<property name="DamageEntity" value="25"/>
			<property name="DamageBlock" value="30"/>
		</property>
		<effect_group name="meleeHandZombieMutated" tiered="false">
			<passive_effect name="ModSlots" operation="base_set" value="0"/>
			<triggered_effect trigger="onSelfAttackedOther" action="AddBuff" target="other" fireOneBuff="true"
				buff="buffFatiguedTrigger,buffArmSprainedCHTrigger,buffLegSprainedCHTrigger,buffLaceration,buffAbrasionCatch,buffInjuryStunned01CHTrigger,buffInjuryBleedingTwo"
				weights=".11,.07,.07,.05,.29,.36,.11"/>
			<triggered_effect trigger="onSelfAttackedOther" action="ModifyCVar" target="other" cvar="infectionCounter" operation="add" value="15"><!--InfectionFeral-->
				<requirement name="CVarCompare" target="other" cvar="infectionCounter" operation="GT" value="0"/></triggered_effect>
			<triggered_effect trigger="onSelfAttackedOther" action="ModifyCVar" target="other" cvar="abrasionZombieHit" operation="set" value="2400"/><!--AbrasionFeral-->
		</effect_group>
	</item>
	
	<item name="meleeHandZombieCustomMutatedSpitters">
		<property name="Extends" value="meleeHandZombie01"/>
		<property name="CreativeMode" value="None"/>
		<property class="Action0">
			<property name="DamageEntity" value="25"/>
			<property name="DamageBlock" value="30"/>
		</property>
		<property class="Action1"> <!-- UseAction -->
			<property name="Class" value="Vomit"/>
			<property name="Hitmask_override" value="Arrow"/>
			<property name="Delay" value=".3"/> <!-- obsolete if rounds per minute exists -->
			<property name="Range" value="200"/>
			<property name="Infinite_ammo" value="true"/>
			<property name="Magazine_items" value="ammoProjectileZombieVomitCustomMutated"/>
			<property name="Sound_warning" value="hulkvomitwarning"/>
			<property name="Sound_start" value="hulkvomitattack"/>
			<property name="Sound_repeat" value=""/>
			<property name="Sound_end" value=""/>
			<property name="Sound_empty" value=""/>
			<property name="Sound_reload" value=""/>
		</property>
		<effect_group name="meleeHandZombieCustomMutatedSpitters" tiered="false">
			<passive_effect name="ModSlots" operation="base_set" value="0"/>
			<triggered_effect trigger="onSelfAttackedOther" action="AddBuff" target="other" fireOneBuff="true"
				buff="buffFatiguedTrigger,buffArmSprainedCHTrigger,buffLegSprainedCHTrigger,buffLaceration,buffAbrasionCatch,buffInjuryStunned01CHTrigger,buffInjuryBleedingTwo"
				weights=".11,.07,.07,.05,.29,.36,.11"/>
			<triggered_effect trigger="onSelfAttackedOther" action="ModifyCVar" target="other" cvar="infectionCounter" operation="add" value="15"><!--InfectionFeral-->
				<requirement name="CVarCompare" target="other" cvar="infectionCounter" operation="GT" value="0"/></triggered_effect>
			<triggered_effect trigger="onSelfAttackedOther" action="ModifyCVar" target="other" cvar="abrasionZombieHit" operation="set" value="2400"/><!--AbrasionFeral-->
		</effect_group>
	</item>
	
	<item name="ammoProjectileZombieVomitCustomMutated">
		<property name="Meshfile" value="@:Other/Items/Weapons/Ranged/Vomit/vomitBulbPrefab.prefab"/>
		<property name="Material" value="Morganic"/>
		<property name="CreativeMode" value="None"/>
		<property name="CustomIcon" value="missingIcon"/>
		<property class="Action1">
			<property name="Class" value="Projectile"/>
			<property name="DamageEntity" value="25"/>
			<property name="DamageBlock" value="300"/>
			<property name="Explosion.ParticleIndex" value="7"/>
			<property name="Velocity" value="18"/>
			<property name="FlyTime" value="2"/>
			<property name="LifeTime" value="4"/>
			<property name="CollisionRadius" value=".5"/>
			<property name="DamageBonus.earth" value="0"/>
			<property name="Buff" value="buffInfectionCatch"/>
		</property>
		<effect_group name="ammoProjectileZombieVomitCustomMutated" tiered="false">
			<passive_effect name="ModSlots" operation="base_set" value="0"/>
			<passive_effect name="DamageModifier" operation="perc_set" value="0" tags="earth"/>
			<passive_effect name="DamageModifier" operation="perc_set" value="0.5" tags="stone"/>
			<passive_effect name="DamageModifier" operation="perc_add" value="1.2" tags="metal"/>
			<!-- <passive_effect name="BuffProcChance" operation="base_set" value="1" tags="buffPoisoned"/> -->
			<passive_effect name="BuffProcChance" operation="base_set" value=".30" tags="buffInfectionCatch"/>			
			<triggered_effect trigger="onSelfAttackedOther" action="ModifyCVar" target="other" cvar="infectionCounter" operation="add" value="10"><!--InfectionRegular-->
				<requirement name="CVarCompare" target="other" cvar="infectionCounter" operation="GT" value="0"/></triggered_effect>
			<triggered_effect trigger="onSelfAttackedOther" action="ModifyCVar" target="other" cvar="abrasionZombieHit" operation="set" value="1800"/><!--AbrasionRegular-->
		</effect_group>
	</item>
	
	<!-- *** snakes envenom *** -->
	<item name="meleeHandVenomousSnake">
		<property name="Extends" value="meleeHandMaster"/>
		<property name="CreativeMode" value="None"/>
		<property name="HoldType" value="55"/>
		<property class="Action0">
			<property name="Delay" value="2.5"/>
			<property name="Range" value="1.2"/>
			<property name="DamageEntity" value="15"/>
			<property name="DamageBlock" value="2"/>
		</property>
		<effect_group name="meleeHandVenomousSnake" tiered="false">
			<passive_effect name="ModSlots" operation="base_set" value="0"/>			
			<triggered_effect trigger="onSelfAttackedOther" action="AddBuff" target="other" fireOneBuff="true"
				buff="buffFatiguedTrigger,buffArmSprainedCHTrigger,buffLegSprainedCHTrigger,buffLaceration,buffAbrasionCatch,buffInjuryStunned01CHTrigger,buffInjuryBleedingTwo,buffPoisoned"
				weights=".11,.07,.07,.05,.29,.36,.11,1"/>
		</effect_group>
	</item>
	
	<!-- *** venom harvested from snakes *** -->
	<item name="venom">
		<property name="CreativeMode" value="Player"/>
		<property name="Tags" value="medical"/>
		<property name="HoldType" value="64"/>
		<property name="CustomIcon" value="drugSteroids"/>
		<property name="CustomIconTint" value="16,128,31"/>
		<property name="Meshfile" value="@:Other/Items/Health/bandage.FBX"/>
		<property name="DropMeshfile" value="@:Other/Items/Misc/sack_droppedPrefab.prefab"/>
		<property name="Material" value="Morganic"/>
		<property name="DescriptionKey" value="venomDesc"/>
		<property name="EconomicValue" value="0"/>
		<property name="Stacknumber" value="5"/>
		<property name="Group" value="Science,CFChemicals,Medical,Basics"/>
	</item>
	
	<!-- *** antivenom *** -->
	<item name="antivenom">
		<property name="CreativeMode" value="Player"/>
		<property name="Tags" value="medical"/>
		<property name="HoldType" value="16"/>
		<property name="CustomIcon" value="drugPainkillers"/>
		<property name="CustomIconTint" value="16,128,31"/>
		<property name="Meshfile" value="@:Other/Items/Health/painkillersPrefab.prefab"/>
		<property name="DropMeshfile" value="@:Other/Items/Misc/sack_droppedPrefab.prefab"/>
		<property name="Material" value="Morganic"/>
		<property name="DescriptionKey" value="antivenomDesc"/>
		<property name="EconomicValue" value="0"/>
		<property name="Stacknumber" value="5"/>
		<property name="UnlockedBy" value="craftingMedical"/>
		<property name="Group" value="Science,CFChemicals,Medical,Basics"/>
		<property class="Action0">
			<property name="Class" value="Eat"/>
			<property name="Delay" value="1.0"/>			
			<property name="Sound_start" value="player_painkillers"/>
		</property>		
		<effect_group tiered="false">
			<triggered_effect trigger="onSelfPrimaryActionEnd" action="RemoveBuff" buff="buffPoisoned"/>
			<triggered_effect trigger="onSelfSecondaryActionEnd" action="RemoveBuff" target="other" buff="buffPoisoned"/>
		</effect_group>
	</item>	
	</append>
	
	<!-- *** hazmat removes radiation *** -->
	<append xpath="/items/item[@name='apparelHazmatMask']/effect_group">
	
	<triggered_effect trigger="onSelfEquipStart" action="AddBuff" target="self" buff="buffRadSuitMask"/>
	<triggered_effect trigger="onSelfEquipStop" action="RemoveBuff" target="self" buff="buffRadSuitMask"/>
	<triggered_effect trigger="onSelfEquipStop" action="RemoveBuff" target="self" buff="buffRadSuit"/>

	</append>
	<append xpath="/items/item[@name='apparelHazmatJacket']/effect_group">
	
	<triggered_effect trigger="onSelfEquipStart" action="AddBuff" target="self" buff="buffRadSuitChest"/>
	<triggered_effect trigger="onSelfEquipStop" action="RemoveBuff" target="self" buff="buffRadSuitChest"/>
	<triggered_effect trigger="onSelfEquipStop" action="RemoveBuff" target="self" buff="buffRadSuit"/>

	</append>
	<append xpath="/items/item[@name='apparelHazmatGloves']/effect_group">
	
	<triggered_effect trigger="onSelfEquipStart" action="AddBuff" target="self" buff="buffRadSuitGloves"/>
	<triggered_effect trigger="onSelfEquipStop" action="RemoveBuff" target="self" buff="buffRadSuitGloves"/>
	<triggered_effect trigger="onSelfEquipStop" action="RemoveBuff" target="self" buff="buffRadSuit"/>

	</append>
	<append xpath="/items/item[@name='apparelHazmatPants']/effect_group">
	
	<triggered_effect trigger="onSelfEquipStart" action="AddBuff" target="self" buff="buffRadSuitLegs"/>
	<triggered_effect trigger="onSelfEquipStop" action="RemoveBuff" target="self" buff="buffRadSuitLegs"/>
	<triggered_effect trigger="onSelfEquipStop" action="RemoveBuff" target="self" buff="buffRadSuit"/>

	</append>
	<append xpath="/items/item[@name='apparelHazmatBoots']/effect_group">
	
	<triggered_effect trigger="onSelfEquipStart" action="AddBuff" target="self" buff="buffRadSuitBoots"/>
	<triggered_effect trigger="onSelfEquipStop" action="RemoveBuff" target="self" buff="buffRadSuitBoots"/>
	<triggered_effect trigger="onSelfEquipStop" action="RemoveBuff" target="self" buff="buffRadSuit"/>

	</append>
	
	<!-- *** increase in blade base damage to offset removal of bleed on undead entities *** -->
	<set xpath="//item[@name='meleeWpnBladeT0BoneKnife']/effect_group[@name='meleeWpnBladeT0BoneKnife']//passive_effect[@name='EntityDamage'][@operation='base_set']/@value">8</set>
	<set xpath="//item[@name='meleeWpnBladeT0BoneKnife']/effect_group[@name='Power Attack']//passive_effect[@value='5.1']/@value">4</set>
	
	<set xpath="//item[@name='meleeWpnBladeT1HuntingKnife']/effect_group[@name='meleeWpnBladeT1HuntingKnife']//passive_effect[@name='EntityDamage'][@operation='base_set']/@value">14</set>
	<set xpath="//item[@name='meleeWpnBladeT1HuntingKnife']/effect_group[@name='Power Attack']//passive_effect[@value='6']/@value">7</set>
	
	<set xpath="//item[@name='meleeWpnBladeT3Machete']/effect_group[@name='meleeWpnBladeT3Machete']//passive_effect[@name='EntityDamage'][@operation='base_set']/@value">30</set>
	<insertbefore xpath="//item[@name='meleeWpnBladeT3Machete']/effect_group[@name='Power Attack']//passive_effect[@name='EntityDamage']">
	<passive_effect name="EntityDamage" operation="base_add" value="5" tags="secondary"/>
	</insertbefore>
	
	
	
	<!-- *** new quest reward, increase bartering and trader level per quest tier completed *** -->
	<append xpath="/items">
	<item name="BarteringSauceOne">
		<property name="CustomIcon" value="drinkJarGrandpasAwesomeSauce"/>
		<property name="CustomIconTint" value="660000"/>
		<property name="DescriptionKey" value="BarteringSauceOneDesc"/>
		<property name="Tags" value="drinks,foodSkill"/>
		<property name="HoldType" value="3"/>
		<property name="Meshfile" value="@:Other/Items/Food/bottled_waterPrefab.prefab"/>
		<property name="DropMeshfile" value="@:Other/Items/Misc/sack_droppedPrefab.prefab"/>
		<property name="Material" value="Mglass"/>
		<!-- <property name="Weight" value="10"/> -->
		<property name="Stacknumber" value="1"/> <!-- STK resource -->
		<property name="EconomicValue" value="0"/>		
		<property name="DisplayType" value="waterGrandpasAwesomeSauce"/>
		<property name="Group" value="Food/Cooking,CFDrink/Cooking"/>
		<property class="Action0">
			<property name="Class" value="Eat"/>
			<property name="Delay" value="1"/>
			<property name="Sound_start" value="player_drinking"/>
			<!-- <property name="Create_item" value="drinkJarEmpty"/> -->
		</property>
		<effect_group tiered="false">			
				<display_value name="dBartering" value=".05"/>
				<display_value name="dBarteringSellBuy" value=".05"/>
				<triggered_effect trigger="onSelfPrimaryActionEnd" action="AddBuff" buff="buffDaringAdventurer1"/>
				<triggered_effect trigger="onSelfPrimaryActionEnd" action="AddBuff" buff="buffBetterBarter1"/>
		</effect_group>		
	</item>
	
	<item name="BarteringSauceTwo">
		<property name="CustomIcon" value="drinkJarGrandpasAwesomeSauce"/>
		<property name="CustomIconTint" value="274e13"/>
		<property name="DescriptionKey" value="BarteringSauceTwoDesc"/>
		<property name="Tags" value="drinks,foodSkill"/>
		<property name="HoldType" value="3"/>
		<property name="Meshfile" value="@:Other/Items/Food/bottled_waterPrefab.prefab"/>
		<property name="DropMeshfile" value="@:Other/Items/Misc/sack_droppedPrefab.prefab"/>
		<property name="Material" value="Mglass"/>
		<!-- <property name="Weight" value="10"/> -->
		<property name="Stacknumber" value="1"/> <!-- STK resource -->
		<property name="EconomicValue" value="0"/>		
		<property name="DisplayType" value="waterGrandpasAwesomeSauce"/>
		<property name="Group" value="Food/Cooking,CFDrink/Cooking"/>
		<property class="Action0">
			<property name="Class" value="Eat"/>
			<property name="Delay" value="1"/>
			<property name="Sound_start" value="player_drinking"/>
			<!-- <property name="Create_item" value="drinkJarEmpty"/> -->
		</property>
		<effect_group tiered="false">			
				<display_value name="dBartering" value=".10"/>
				<display_value name="dBarteringSellBuy" value=".10"/>
				<triggered_effect trigger="onSelfPrimaryActionStart" action="RemoveBuff" buff="buffDaringAdventurer1"/>
				<triggered_effect trigger="onSelfPrimaryActionEnd" action="AddBuff" buff="buffDaringAdventurer2"/>
				<triggered_effect trigger="onSelfPrimaryActionEnd" action="AddBuff" buff="buffBetterBarter2"/>
		</effect_group>		
	</item>
	
	<item name="BarteringSauceThree">
		<property name="CustomIcon" value="drinkJarGrandpasAwesomeSauce"/>
		<property name="CustomIconTint" value="0c343d"/>
		<property name="DescriptionKey" value="BarteringSauceThreeDesc"/>
		<property name="Tags" value="drinks,foodSkill"/>
		<property name="HoldType" value="3"/>
		<property name="Meshfile" value="@:Other/Items/Food/bottled_waterPrefab.prefab"/>
		<property name="DropMeshfile" value="@:Other/Items/Misc/sack_droppedPrefab.prefab"/>
		<property name="Material" value="Mglass"/>
		<!-- <property name="Weight" value="10"/> -->
		<property name="Stacknumber" value="1"/> <!-- STK resource -->
		<property name="EconomicValue" value="0"/>		
		<property name="DisplayType" value="waterGrandpasAwesomeSauce"/>
		<property name="Group" value="Food/Cooking,CFDrink/Cooking"/>
		<property class="Action0">
			<property name="Class" value="Eat"/>
			<property name="Delay" value="1"/>
			<property name="Sound_start" value="player_drinking"/>
			<!-- <property name="Create_item" value="drinkJarEmpty"/> -->
		</property>
		<effect_group tiered="false">			
				<display_value name="dBartering" value=".15"/>
				<display_value name="dBarteringSellBuy" value=".15"/>
				<triggered_effect trigger="onSelfPrimaryActionStart" action="RemoveBuff" buff="buffDaringAdventurer2"/>
				<triggered_effect trigger="onSelfPrimaryActionEnd" action="AddBuff" buff="buffDaringAdventurer3"/>
				<triggered_effect trigger="onSelfPrimaryActionEnd" action="AddBuff" buff="buffBetterBarter3"/>
		</effect_group>		
	</item>
	
	<item name="BarteringSauceFour">
		<property name="CustomIcon" value="drinkJarGrandpasAwesomeSauce"/>
		<property name="CustomIconTint" value="073763"/>
		<property name="DescriptionKey" value="BarteringSauceFourDesc"/>
		<property name="Tags" value="drinks,foodSkill"/>
		<property name="HoldType" value="3"/>
		<property name="Meshfile" value="@:Other/Items/Food/bottled_waterPrefab.prefab"/>
		<property name="DropMeshfile" value="@:Other/Items/Misc/sack_droppedPrefab.prefab"/>
		<property name="Material" value="Mglass"/>
		<!-- <property name="Weight" value="10"/> -->
		<property name="Stacknumber" value="1"/> <!-- STK resource -->
		<property name="EconomicValue" value="0"/>		
		<property name="DisplayType" value="waterGrandpasAwesomeSauce"/>
		<property name="Group" value="Food/Cooking,CFDrink/Cooking"/>
		<property class="Action0">
			<property name="Class" value="Eat"/>
			<property name="Delay" value="1"/>
			<property name="Sound_start" value="player_drinking"/>
			<!-- <property name="Create_item" value="drinkJarEmpty"/> -->
		</property>
		<effect_group tiered="false">			
				<display_value name="dBartering" value=".20"/>
				<display_value name="dBarteringSellBuy" value=".20"/>
				<triggered_effect trigger="onSelfPrimaryActionStart" action="RemoveBuff" buff="buffDaringAdventurer3"/>
				<triggered_effect trigger="onSelfPrimaryActionEnd" action="AddBuff" buff="buffDaringAdventurer4"/>
				<triggered_effect trigger="onSelfPrimaryActionEnd" action="AddBuff" buff="buffBetterBarter4"/>
		</effect_group>		
	</item>
	
	<item name="BarteringSauceFive">
		<property name="CustomIcon" value="drinkJarGrandpasAwesomeSauce"/>
		<property name="CustomIconTint" value="20124d"/>
		<property name="DescriptionKey" value="BarteringSauceFiveDesc"/>
		<property name="Tags" value="drinks,foodSkill"/>
		<property name="HoldType" value="3"/>
		<property name="Meshfile" value="@:Other/Items/Food/bottled_waterPrefab.prefab"/>
		<property name="DropMeshfile" value="@:Other/Items/Misc/sack_droppedPrefab.prefab"/>
		<property name="Material" value="Mglass"/>
		<!-- <property name="Weight" value="10"/> -->
		<property name="Stacknumber" value="1"/> <!-- STK resource -->
		<property name="EconomicValue" value="0"/>		
		<property name="DisplayType" value="waterGrandpasAwesomeSauce"/>
		<property name="Group" value="Food/Cooking,CFDrink/Cooking"/>
		<property class="Action0">
			<property name="Class" value="Eat"/>
			<property name="Delay" value="1"/>
			<property name="Sound_start" value="player_drinking"/>
			<!-- <property name="Create_item" value="drinkJarEmpty"/> -->
		</property>
		<effect_group tiered="false">			
				<display_value name="dBartering" value=".25"/>
				<display_value name="dBarteringSellBuy" value=".25"/>
				<triggered_effect trigger="onSelfPrimaryActionStart" action="RemoveBuff" buff="buffDaringAdventurer4"/>
				<triggered_effect trigger="onSelfPrimaryActionEnd" action="AddBuff" buff="buffDaringAdventurer5"/>
				<triggered_effect trigger="onSelfPrimaryActionEnd" action="AddBuff" buff="buffBetterBarter5"/>
		</effect_group>		
	</item>
	</append>
	
	<!-- *** water filter is now a tool - breaks after 50 uses and must be replaced *** -->
	<remove xpath="//item[@name='resourceWaterFilter']"/>
	<append xpath="/items">
	<item name="resourceWaterFilter">
			<property name="CustomIcon" value="resourceWaterFilter"/>
			<property name="DescriptionKey" value="resourceWaterFilterDesc"/>
			<property name="HoldType" value="45"/>
			<property name="Tags" value="junk"/>
			<property name="Meshfile" value="@:Other/Items?Misc/sackPrefab.prefab"/>
			<property name="DropMeshfile" value="@:Other/Items?Misc/sack_droppedPrefab.prefab"/>
			<property name="Material" value="Mmetal"/>
			<property name="Stacknumber" value="1"/>
			<property name="Weight" value="160"/>
			<property name="EconomicValue" value="600"/>
			<property name="Group" value="Resources,Chemicals"/>
			<property name="DegradationBreaksAfter" value="true"/>
			<property name="ShowQuality" value="true"/> 
			
			<property class="Attributes">
				<property name="DegradationMax" value="25"/> 
			</property>
			<effect_group tiered="false">
				<passive_effect name="ModSlots" operation="base_set" value="0"/>
				<passive_effect name="DegradationMax" operation="base_set" value="25" />
			</effect_group>
		</item>
	</append>
	
	<!-- *** wood scraps from harvesting blocks *** -->
	<!-- only used for crafting frameshapes, and can be used as fuel -->
	<append xpath="/items">
		<item name="resourceWoodScraps"> <!-- scrap material -->
			<property name="CustomIcon" value="modularFireWoodStackC"/>
			<property name="DescriptionKey" value="resourceWoodScrapsDesc"/>
			<property name="HoldType" value="45"/>
			<property name="Meshfile" value="@:Other/Items/Misc/sackPrefab.prefab"/>
			<property name="DropMeshfile" value="@:Other/Items/Misc/sack_droppedPrefab.prefab"/>
			<property name="Material" value="MresourceWoodScraps"/>
			<property name="Weight" value="10"/>
			<property name="Stacknumber" value="6000"/> <!-- STK resource -->
			<property name="FuelValue" value="2"/>
			<property name="EconomicValue" value="0"/>
			<property name="EconomicBundleSize" value="25"/>
			<property name="Group" value="Resources"/>
			<property name="RepairAmount" value="100"/>
			<property name="LootExpValue" value="1"/>
			<property name="CraftingIngredientTime" value=".2"/>
		</item>
		
	<!-- *** branches to replace wood from shrubbery *** -->
		<item name="resourceBranch"> <!-- scrap material -->
			<property name="CustomIcon" value="resourceBranch"/>
			<!-- <property name="CustomIconTint" value="654321"/> -->
			<property name="DescriptionKey" value="resourceBranchDesc"/>
			<property name="HoldType" value="45"/>
			<property name="Meshfile" value="@:Other/Items/Misc/sackPrefab.prefab"/>
			<property name="DropMeshfile" value="@:Other/Items/Misc/sack_droppedPrefab.prefab"/>
			<property name="Material" value="MresourceWood"/>
			<property name="Weight" value="10"/>
			<property name="Stacknumber" value="6000"/> <!-- STK resource -->
			<property name="FuelValue" value="5"/>
			<property name="EconomicValue" value="0"/>
			<property name="EconomicBundleSize" value="25"/>
			<property name="Group" value="Resources"/>
			<property name="RepairAmount" value="100"/>
			<property name="LootExpValue" value="1"/>
			<property name="CraftingIngredientTime" value=".2"/>
		</item>
		
	<!-- *** mod schematics *** -->
		<!-- <item name="modGunMeleeNiCdBatterySchematic">
			<property name="Extends" value="schematicNoQualityMaster"/>
			<property name="CreativeMode" value="Player"/>
			<property name="CustomIcon" value="modGunMeleeNiCdBattery"/>
			<property name="Unlocks" value="modGunMeleeNiCdBattery"/>
			<effect_group tiered="false">
				<triggered_effect trigger="onSelfPrimaryActionEnd" action="ModifyCVar" cvar="modGunMeleeNiCdBattery" operation="set" value="1"/>
				<triggered_effect trigger="onSelfPrimaryActionEnd" action="GiveExp" exp="50"/>
			</effect_group>
		</item>
		
		<item name="modGunMeleeFlammableOilSchematic">
			<property name="Extends" value="schematicNoQualityMaster"/>
			<property name="CreativeMode" value="Player"/>
			<property name="CustomIcon" value="modGunMeleeFlammableOil"/>
			<property name="Unlocks" value="modGunMeleeFlammableOil"/>
			<effect_group tiered="false">
				<triggered_effect trigger="onSelfPrimaryActionEnd" action="ModifyCVar" cvar="modGunMeleeFlammableOil" operation="set" value="1"/>
				<triggered_effect trigger="onSelfPrimaryActionEnd" action="GiveExp" exp="50"/>
			</effect_group>
		</item>
		
		<item name="modGunMeleeLiquidNitrogenSchematic">
			<property name="Extends" value="schematicNoQualityMaster"/>
			<property name="CreativeMode" value="Player"/>
			<property name="CustomIcon" value="modGunMeleeLiquidNitrogen"/>
			<property name="Unlocks" value="modGunMeleeLiquidNitrogen"/>
			<effect_group tiered="false">
				<triggered_effect trigger="onSelfPrimaryActionEnd" action="ModifyCVar" cvar="modGunMeleeLiquidNitrogen" operation="set" value="1"/>
				<triggered_effect trigger="onSelfPrimaryActionEnd" action="GiveExp" exp="50"/>
			</effect_group>
		</item> -->
	</append>
	
	<!-- *** adds disease chance to canned food *** -->
	<insertAfter xpath="/items/item[@name='foodCanBeef']/effect_group[@name='Food Tier 0']//triggered_effect[3]">
	<triggered_effect trigger="onSelfPrimaryActionEnd" action="ModifyCVar" cvar=".DiseaseRoll" operation="set" value="10"/><display_value name="dDysenteryRisk" value=".10"/>
	<triggered_effect trigger="onSelfPrimaryActionEnd" action="ModifyCVar" cvar=".DiseaseRoll" operation="add" value="@$MetabolismResist"/>
	<triggered_effect trigger="onSelfPrimaryActionEnd" action="AddBuff" buff="buffDysenteryCatchFood">
		<requirement name="RandomRoll" seed_type="Random" min_max="1,100" operation="LTE" value="@.DiseaseRoll"/>
	</triggered_effect>
	</insertAfter>
	<insertAfter xpath="/items/item[@name='foodCanChicken']/effect_group[@name='Food Tier 0']//triggered_effect[3]">
	<triggered_effect trigger="onSelfPrimaryActionEnd" action="ModifyCVar" cvar=".DiseaseRoll" operation="set" value="10"/><display_value name="dDysenteryRisk" value=".10"/>
	<triggered_effect trigger="onSelfPrimaryActionEnd" action="ModifyCVar" cvar=".DiseaseRoll" operation="add" value="@$MetabolismResist"/>
	<triggered_effect trigger="onSelfPrimaryActionEnd" action="AddBuff" buff="buffDysenteryCatchFood">
		<requirement name="RandomRoll" seed_type="Random" min_max="1,100" operation="LTE" value="@.DiseaseRoll"/>
	</triggered_effect>
	</insertAfter>
	<insertAfter xpath="/items/item[@name='foodCanLamb']/effect_group[@name='Food Tier 0']//triggered_effect[3]">
	<triggered_effect trigger="onSelfPrimaryActionEnd" action="ModifyCVar" cvar=".DiseaseRoll" operation="set" value="10"/><display_value name="dDysenteryRisk" value=".10"/>
	<triggered_effect trigger="onSelfPrimaryActionEnd" action="ModifyCVar" cvar=".DiseaseRoll" operation="add" value="@$MetabolismResist"/>
	<triggered_effect trigger="onSelfPrimaryActionEnd" action="AddBuff" buff="buffDysenteryCatchFood">
		<requirement name="RandomRoll" seed_type="Random" min_max="1,100" operation="LTE" value="@.DiseaseRoll"/>
	</triggered_effect>
	</insertAfter>
	<insertAfter xpath="/items/item[@name='foodCanChili']/effect_group[@name='Food Tier 0']//triggered_effect[3]">
	<triggered_effect trigger="onSelfPrimaryActionEnd" action="ModifyCVar" cvar=".DiseaseRoll" operation="set" value="10"/><display_value name="dDysenteryRisk" value=".10"/>
	<triggered_effect trigger="onSelfPrimaryActionEnd" action="ModifyCVar" cvar=".DiseaseRoll" operation="add" value="@$MetabolismResist"/>
	<triggered_effect trigger="onSelfPrimaryActionEnd" action="AddBuff" buff="buffDysenteryCatchFood">
		<requirement name="RandomRoll" seed_type="Random" min_max="1,100" operation="LTE" value="@.DiseaseRoll"/>
	</triggered_effect>
	</insertAfter>
	<insertAfter xpath="/items/item[@name='foodCanTuna']/effect_group[@name='Food Tier 0']//triggered_effect[3]">
	<triggered_effect trigger="onSelfPrimaryActionEnd" action="ModifyCVar" cvar=".DiseaseRoll" operation="set" value="10"/><display_value name="dDysenteryRisk" value=".10"/>
	<triggered_effect trigger="onSelfPrimaryActionEnd" action="ModifyCVar" cvar=".DiseaseRoll" operation="add" value="@$MetabolismResist"/>
	<triggered_effect trigger="onSelfPrimaryActionEnd" action="AddBuff" buff="buffDysenteryCatchFood">
		<requirement name="RandomRoll" seed_type="Random" min_max="1,100" operation="LTE" value="@.DiseaseRoll"/>
	</triggered_effect>
	</insertAfter>
	<insertAfter xpath="/items/item[@name='foodCanSham']/effect_group[@name='Food Tier 0']//triggered_effect[3]">
	<triggered_effect trigger="onSelfPrimaryActionEnd" action="ModifyCVar" cvar=".DiseaseRoll" operation="set" value="10"/><display_value name="dDysenteryRisk" value=".10"/>
	<triggered_effect trigger="onSelfPrimaryActionEnd" action="ModifyCVar" cvar=".DiseaseRoll" operation="add" value="@$MetabolismResist"/>
	<triggered_effect trigger="onSelfPrimaryActionEnd" action="AddBuff" buff="buffDysenteryCatchFood">
		<requirement name="RandomRoll" seed_type="Random" min_max="1,100" operation="LTE" value="@.DiseaseRoll"/>
	</triggered_effect>
	</insertAfter>
	<insertAfter xpath="/items/item[@name='foodCanPasta']/effect_group[@name='Food Tier 0']//triggered_effect[3]">
	<triggered_effect trigger="onSelfPrimaryActionEnd" action="ModifyCVar" cvar=".DiseaseRoll" operation="set" value="10"/><display_value name="dDysenteryRisk" value=".10"/>
	<triggered_effect trigger="onSelfPrimaryActionEnd" action="ModifyCVar" cvar=".DiseaseRoll" operation="add" value="@$MetabolismResist"/>
	<triggered_effect trigger="onSelfPrimaryActionEnd" action="AddBuff" buff="buffDysenteryCatchFood">
		<requirement name="RandomRoll" seed_type="Random" min_max="1,100" operation="LTE" value="@.DiseaseRoll"/>
	</triggered_effect>
	</insertAfter>
	<insertAfter xpath="/items/item[@name='foodCanSalmon']/effect_group[@name='Food Tier 0']//triggered_effect[3]">
	<triggered_effect trigger="onSelfPrimaryActionEnd" action="ModifyCVar" cvar=".DiseaseRoll" operation="set" value="10"/><display_value name="dDysenteryRisk" value=".10"/>
	<triggered_effect trigger="onSelfPrimaryActionEnd" action="ModifyCVar" cvar=".DiseaseRoll" operation="add" value="@$MetabolismResist"/>
	<triggered_effect trigger="onSelfPrimaryActionEnd" action="AddBuff" buff="buffDysenteryCatchFood">
		<requirement name="RandomRoll" seed_type="Random" min_max="1,100" operation="LTE" value="@.DiseaseRoll"/>
	</triggered_effect>
	</insertAfter>
	<insertAfter xpath="/items/item[@name='foodCanMiso']/effect_group[@name='Food Tier 0']//triggered_effect[3]">
	<triggered_effect trigger="onSelfPrimaryActionEnd" action="ModifyCVar" cvar=".DiseaseRoll" operation="set" value="10"/><display_value name="dDysenteryRisk" value=".10"/>
	<triggered_effect trigger="onSelfPrimaryActionEnd" action="ModifyCVar" cvar=".DiseaseRoll" operation="add" value="@$MetabolismResist"/>
	<triggered_effect trigger="onSelfPrimaryActionEnd" action="AddBuff" buff="buffDysenteryCatchFood">
		<requirement name="RandomRoll" seed_type="Random" min_max="1,100" operation="LTE" value="@.DiseaseRoll"/>
	</triggered_effect>
	</insertAfter>
	<insertAfter xpath="/items/item[@name='foodCanPeas']/effect_group[@name='Food Tier 0']//triggered_effect[3]">
	<triggered_effect trigger="onSelfPrimaryActionEnd" action="ModifyCVar" cvar=".DiseaseRoll" operation="set" value="10"/><display_value name="dDysenteryRisk" value=".10"/>
	<triggered_effect trigger="onSelfPrimaryActionEnd" action="ModifyCVar" cvar=".DiseaseRoll" operation="add" value="@$MetabolismResist"/>
	<triggered_effect trigger="onSelfPrimaryActionEnd" action="AddBuff" buff="buffDysenteryCatchFood">
		<requirement name="RandomRoll" seed_type="Random" min_max="1,100" operation="LTE" value="@.DiseaseRoll"/>
	</triggered_effect>
	</insertAfter>
	<insertAfter xpath="/items/item[@name='foodCanPears']/effect_group[@name='Food Tier 0']//triggered_effect[3]">
	<triggered_effect trigger="onSelfPrimaryActionEnd" action="ModifyCVar" cvar=".DiseaseRoll" operation="set" value="10"/><display_value name="dDysenteryRisk" value=".10"/>
	<triggered_effect trigger="onSelfPrimaryActionEnd" action="ModifyCVar" cvar=".DiseaseRoll" operation="add" value="@$MetabolismResist"/>
	<triggered_effect trigger="onSelfPrimaryActionEnd" action="AddBuff" buff="buffDysenteryCatchFood">
		<requirement name="RandomRoll" seed_type="Random" min_max="1,100" operation="LTE" value="@.DiseaseRoll"/>
	</triggered_effect>
	</insertAfter>
	<insertAfter xpath="/items/item[@name='foodCanSoup']/effect_group[@name='Food Tier 0']//triggered_effect[3]">
	<triggered_effect trigger="onSelfPrimaryActionEnd" action="ModifyCVar" cvar=".DiseaseRoll" operation="set" value="10"/><display_value name="dDysenteryRisk" value=".10"/>
	<triggered_effect trigger="onSelfPrimaryActionEnd" action="ModifyCVar" cvar=".DiseaseRoll" operation="add" value="@$MetabolismResist"/>
	<triggered_effect trigger="onSelfPrimaryActionEnd" action="AddBuff" buff="buffDysenteryCatchFood">
		<requirement name="RandomRoll" seed_type="Random" min_max="1,100" operation="LTE" value="@.DiseaseRoll"/>
	</triggered_effect>
	</insertAfter>
	<insertAfter xpath="/items/item[@name='foodCanStock']/effect_group[@name='Food Tier 0']//triggered_effect[3]">
	<triggered_effect trigger="onSelfPrimaryActionEnd" action="ModifyCVar" cvar=".DiseaseRoll" operation="set" value="10"/><display_value name="dDysenteryRisk" value=".10"/>
	<triggered_effect trigger="onSelfPrimaryActionEnd" action="ModifyCVar" cvar=".DiseaseRoll" operation="add" value="@$MetabolismResist"/>
	<triggered_effect trigger="onSelfPrimaryActionEnd" action="AddBuff" buff="buffDysenteryCatchFood">
		<requirement name="RandomRoll" seed_type="Random" min_max="1,100" operation="LTE" value="@.DiseaseRoll"/>
	</triggered_effect>
	</insertAfter>
	<insertAfter xpath="/items/item[@name='foodCanDogfood']/effect_group[@name='Food Tier 0']//triggered_effect[3]">
	<triggered_effect trigger="onSelfPrimaryActionEnd" action="ModifyCVar" cvar=".DiseaseRoll" operation="set" value="10"/><display_value name="dDysenteryRisk" value=".10"/>
	<triggered_effect trigger="onSelfPrimaryActionEnd" action="ModifyCVar" cvar=".DiseaseRoll" operation="add" value="@$MetabolismResist"/>
	<triggered_effect trigger="onSelfPrimaryActionEnd" action="AddBuff" buff="buffDysenteryCatchFood">
		<requirement name="RandomRoll" seed_type="Random" min_max="1,100" operation="LTE" value="@.DiseaseRoll"/>
	</triggered_effect>
	</insertAfter>
	<insertAfter xpath="/items/item[@name='foodCanCatfood']/effect_group[@name='Food Tier 0']//triggered_effect[3]">
	<triggered_effect trigger="onSelfPrimaryActionEnd" action="ModifyCVar" cvar=".DiseaseRoll" operation="set" value="10"/><display_value name="dDysenteryRisk" value=".10"/>
	<triggered_effect trigger="onSelfPrimaryActionEnd" action="ModifyCVar" cvar=".DiseaseRoll" operation="add" value="@$MetabolismResist"/>
	<triggered_effect trigger="onSelfPrimaryActionEnd" action="AddBuff" buff="buffDysenteryCatchFood">
		<requirement name="RandomRoll" seed_type="Random" min_max="1,100" operation="LTE" value="@.DiseaseRoll"/>
	</triggered_effect>
	</insertAfter>
	
	<!-- *** megacrush group(s) *** -->
	<insertbefore xpath="//item[@name='drinkCanMegaCrush']//effect_group[1]">
	<property name="Group" value="Food/Cooking,CFDrink/Cooking,Medical,Science,CFChemicals,TCMedical"/>
	</insertbefore>
	
	<!-- *** uncooked canned food provides food/water only, no health *** -->
	<set xpath="//item[starts-with(@name,'foodCan') and not (contains(@name,'cooked'))]/effect_group[@tiered='false']//triggered_effect[@cvar='foodHealthAmount']/@value">0</set>
	
	<!-- *** custom icon for uncooked canned food *** -->
	<insertafter xpath="//item[@name='foodCanBeef']//property[1]">
	<property name="CustomIcon" value="foodCanBeefrusty"/>
	</insertafter>
	<insertafter xpath="//item[@name='foodCanChicken']//property[1]">
	<property name="CustomIcon" value="foodCanChickenrusty"/>
	</insertafter>
	<insertafter xpath="//item[@name='foodCanLamb']//property[1]">
	<property name="CustomIcon" value="foodCanLambrusty"/>
	</insertafter>
	<insertafter xpath="//item[@name='foodCanCatfood']//property[1]">
	<property name="CustomIcon" value="foodCanCatfoodrusty"/>
	</insertafter>
	<insertafter xpath="//item[@name='foodCanDogfood']//property[1]">
	<property name="CustomIcon" value="foodCanDogfoodrusty"/>
	</insertafter>
	<insertafter xpath="//item[@name='foodCanChili']//property[1]">
	<property name="CustomIcon" value="foodCanChilirusty"/>
	</insertafter>
	<insertafter xpath="//item[@name='foodCanTuna']//property[1]">
	<property name="CustomIcon" value="foodCanTunarusty"/>
	</insertafter>
	<insertafter xpath="//item[@name='foodCanSham']//property[1]">
	<property name="CustomIcon" value="foodCanShamrusty"/>
	</insertafter>
	<insertafter xpath="//item[@name='foodCanPasta']//property[1]">
	<property name="CustomIcon" value="foodCanPastarusty"/>
	</insertafter>
	<insertafter xpath="//item[@name='foodCanSalmon']//property[1]">
	<property name="CustomIcon" value="foodCanSalmonrusty"/>
	</insertafter>
	<insertafter xpath="//item[@name='foodCanMiso']//property[1]">
	<property name="CustomIcon" value="foodCanMisorusty"/>
	</insertafter>
	<insertafter xpath="//item[@name='foodCanPeas']//property[1]">
	<property name="CustomIcon" value="foodCanPeasrusty"/>
	</insertafter>
	<insertafter xpath="//item[@name='foodCanPears']//property[1]">
	<property name="CustomIcon" value="foodCanPearsrusty"/>
	</insertafter>
	<insertafter xpath="//item[@name='foodCanSoup']//property[1]">
	<property name="CustomIcon" value="foodCanSouprusty"/>
	</insertafter>
	<insertafter xpath="//item[@name='foodCanStock']//property[1]">
	<property name="CustomIcon" value="foodCanStockrusty"/>
	</insertafter>	
	
	<!-- *** new canned carrots *** -->
	<append xpath="/items">
	<item name="foodCanCarrots">
		<property name="Extends" value="foodCanMiso"/>
		<property name="CustomIcon" value="foodCanCarrotsrusty"/>		
		<property name="EconomicValue" value="60"/>
		<effect_group tiered="false" name="Food Tier 0">
			<triggered_effect trigger="onSelfPrimaryActionEnd" action="ModifyCVar" cvar=".DiseaseRoll" operation="set" value="10"/><display_value name="dDysenteryRisk" value=".10"/>
			<triggered_effect trigger="onSelfPrimaryActionEnd" action="ModifyCVar" cvar=".DiseaseRoll" operation="add" value="@$MetabolismResist"/>
			<triggered_effect trigger="onSelfPrimaryActionEnd" action="AddBuff" buff="buffDysenteryCatchFood">
				<requirement name="RandomRoll" seed_type="Random" min_max="1,100" operation="LTE" value="@.DiseaseRoll"/>
			</triggered_effect>
			<triggered_effect trigger="onSelfPrimaryActionEnd" action="ModifyCVar" cvar="$foodAmountAdd" operation="add" value="10"/>
			<triggered_effect trigger="onSelfPrimaryActionEnd" action="ModifyCVar" cvar="foodHealthAmount" operation="add" value="0"/>
			<triggered_effect trigger="onSelfPrimaryActionEnd" action="ModifyCVar" cvar="$waterAmountAdd" operation="add" value="5"/>
			<triggered_effect trigger="onSelfPrimaryActionEnd" action="AddBuff" buff="buffProcessConsumables"/>
		</effect_group>
	</item>
	</append>
	
	<!-- *** cooked canned food *** -->
	<!-- <set xpath="//item[@name='foodCanShamSchematic']//property[@name='Unlocks']/@value">foodCanShamcooked</set> -->
	<append xpath="/items">
	<item name="foodCanBeefcooked">
		<property name="Tags" value="food"/>
		<property name="CustomIcon" value="foodCanBeef"/> 
		<property name="HoldType" value="31"/>
		<property name="DisplayType" value="foodRaw"/>
		<property name="Meshfile" value="@:Other/Items/Misc/parcelPrefab.prefab"/>
		<property name="DropMeshfile" value="@:Other/Items?Misc/sack_droppedPrefab.prefab"/>
		<property name="Material" value="Mmetal"/>
		<property name="Weight" value="0"/>
		<property name="EconomicValue" value="60"/>
		<property name="Stacknumber" value="10"/> <!-- STK food -->
		<property class="Action0">
			<property name="Class" value="Eat"/>
			<property name="Delay" value="1.0"/>
			<property name="Use_time" value="..."/>
			<property name="Sound_start" value="player_eating"/>
		</property>
		<property name="Group" value="Food/Cooking,CFFood/Cooking"/>

		<effect_group tiered="false" name="Food Tier 0">
			<triggered_effect trigger="onSelfPrimaryActionEnd" action="ModifyCVar" cvar="$foodAmountAdd" operation="add" value="15"/>
			<triggered_effect trigger="onSelfPrimaryActionEnd" action="ModifyCVar" cvar="foodHealthAmount" operation="add" value="7"/>
			<triggered_effect trigger="onSelfPrimaryActionEnd" action="AddBuff" buff="buffProcessConsumables"/>
			</effect_group>
	</item>

	<item name="foodCanChickencooked">
		<property name="CustomIcon" value="foodCanChicken"/>
		<property name="Extends" value="foodCanBeefcooked"/>
		<effect_group tiered="false" name="Food Tier 0">
			<triggered_effect trigger="onSelfPrimaryActionEnd" action="ModifyCVar" cvar="$foodAmountAdd" operation="add" value="15"/>
			<triggered_effect trigger="onSelfPrimaryActionEnd" action="ModifyCVar" cvar="foodHealthAmount" operation="add" value="7"/>
			<triggered_effect trigger="onSelfPrimaryActionEnd" action="AddBuff" buff="buffProcessConsumables"/>
		</effect_group>
	</item>

	<item name="foodCanLambcooked">
		<property name="CustomIcon" value="foodCanLamb"/>
		<property name="Extends" value="foodCanBeefcooked"/>
		<effect_group tiered="false" name="Food Tier 0">
			<triggered_effect trigger="onSelfPrimaryActionEnd" action="ModifyCVar" cvar="$foodAmountAdd" operation="add" value="15"/>
			<triggered_effect trigger="onSelfPrimaryActionEnd" action="ModifyCVar" cvar="foodHealthAmount" operation="add" value="7"/>
			<triggered_effect trigger="onSelfPrimaryActionEnd" action="AddBuff" buff="buffProcessConsumables"/>		
		</effect_group>
	</item>

	<item name="foodCanChilicooked">
		<property name="CustomIcon" value="foodCanChili"/>
		<property name="Extends" value="foodCanBeefcooked"/>
		<effect_group tiered="false" name="Food Tier 0">
			<triggered_effect trigger="onSelfPrimaryActionEnd" action="ModifyCVar" cvar="$foodAmountAdd" operation="add" value="15"/>
			<triggered_effect trigger="onSelfPrimaryActionEnd" action="ModifyCVar" cvar="foodHealthAmount" operation="add" value="7"/>
			<triggered_effect trigger="onSelfPrimaryActionEnd" action="AddBuff" buff="buffProcessConsumables"/>
		</effect_group>
	</item>

	<item name="foodCanTunacooked">
		<property name="CustomIcon" value="foodCanTuna"/>
		<property name="Extends" value="foodCanBeefcooked"/>
		<property name="EconomicValue" value="20"/>
		<effect_group tiered="false" name="Food Tier 0">
			<triggered_effect trigger="onSelfPrimaryActionEnd" action="ModifyCVar" cvar="$foodAmountAdd" operation="add" value="5"/>
			<triggered_effect trigger="onSelfPrimaryActionEnd" action="ModifyCVar" cvar="foodHealthAmount" operation="add" value="2"/>
			<triggered_effect trigger="onSelfPrimaryActionEnd" action="AddBuff" buff="buffProcessConsumables"/>
		</effect_group>
	</item>

	<item name="foodCanShamcooked">
		<property name="CustomIcon" value="foodCanSham"/>
		<property name="Extends" value="foodCanBeefcooked"/>
		<property name="UnlockedBy" value="foodCanShamSchematic"/>
		<effect_group tiered="false" name="Food Tier 0">
			<triggered_effect trigger="onSelfPrimaryActionEnd" action="ModifyCVar" cvar="$foodAmountAdd" operation="add" value="15"/>
			<triggered_effect trigger="onSelfPrimaryActionEnd" action="ModifyCVar" cvar="foodHealthAmount" operation="add" value="7"/>
			<triggered_effect trigger="onSelfPrimaryActionEnd" action="AddBuff" buff="buffProcessConsumables"/>
		</effect_group>
	</item>

	<item name="foodCanPastacooked">
		<property name="CustomIcon" value="foodCanPasta"/>
		<property name="Extends" value="foodCanBeefcooked"/>
		<effect_group tiered="false" name="Food Tier 0">
			<triggered_effect trigger="onSelfPrimaryActionEnd" action="ModifyCVar" cvar="$foodAmountAdd" operation="add" value="15"/>
			<triggered_effect trigger="onSelfPrimaryActionEnd" action="ModifyCVar" cvar="foodHealthAmount" operation="add" value="7"/>
			<triggered_effect trigger="onSelfPrimaryActionEnd" action="AddBuff" buff="buffProcessConsumables"/>
		</effect_group>
	</item>

	<item name="foodCanSalmoncooked">
		<property name="CustomIcon" value="foodCanSalmon"/>
		<property name="Extends" value="foodCanBeefcooked"/>
		<effect_group tiered="false" name="Food Tier 0">
			<triggered_effect trigger="onSelfPrimaryActionEnd" action="ModifyCVar" cvar="$foodAmountAdd" operation="add" value="15"/>
			<triggered_effect trigger="onSelfPrimaryActionEnd" action="ModifyCVar" cvar="foodHealthAmount" operation="add" value="7"/>
			<triggered_effect trigger="onSelfPrimaryActionEnd" action="AddBuff" buff="buffProcessConsumables"/>
		</effect_group>
	</item>

	<item name="foodCanMisocooked">
		<property name="CustomIcon" value="foodCanMiso"/>
		<property name="Extends" value="foodCanBeefcooked"/>
		<property name="DisplayType" value="foodWaterRaw"/>
		<effect_group tiered="false" name="Food Tier 0">
			<triggered_effect trigger="onSelfPrimaryActionEnd" action="ModifyCVar" cvar="$foodAmountAdd" operation="add" value="10"/>
			<triggered_effect trigger="onSelfPrimaryActionEnd" action="ModifyCVar" cvar="foodHealthAmount" operation="add" value="5"/>
			<triggered_effect trigger="onSelfPrimaryActionEnd" action="ModifyCVar" cvar="$waterAmountAdd" operation="add" value="10"/>
			<triggered_effect trigger="onSelfPrimaryActionEnd" action="AddBuff" buff="buffProcessConsumables"/>
		</effect_group>
	</item>

	<item name="foodCanPeascooked">
		<property name="CustomIcon" value="foodCanPeas"/>
		<property name="Extends" value="foodCanMisocooked"/>
		<property name="EconomicValue" value="20"/>
		<effect_group tiered="false" name="Food Tier 0">
			<triggered_effect trigger="onSelfPrimaryActionEnd" action="ModifyCVar" cvar="$foodAmountAdd" operation="add" value="10"/>
			<triggered_effect trigger="onSelfPrimaryActionEnd" action="ModifyCVar" cvar="foodHealthAmount" operation="add" value="5"/>
			<triggered_effect trigger="onSelfPrimaryActionEnd" action="ModifyCVar" cvar="$waterAmountAdd" operation="add" value="5"/>
			<triggered_effect trigger="onSelfPrimaryActionEnd" action="AddBuff" buff="buffProcessConsumables"/>
		</effect_group>
	</item>

	<item name="foodCanPearscooked">
		<property name="CustomIcon" value="foodCanPears"/>
		<property name="Extends" value="foodCanMisocooked"/>
		<effect_group tiered="false" name="Food Tier 0">
			<triggered_effect trigger="onSelfPrimaryActionEnd" action="ModifyCVar" cvar="$foodAmountAdd" operation="add" value="10"/>
			<triggered_effect trigger="onSelfPrimaryActionEnd" action="ModifyCVar" cvar="foodHealthAmount" operation="add" value="5"/>
			<triggered_effect trigger="onSelfPrimaryActionEnd" action="ModifyCVar" cvar="$waterAmountAdd" operation="add" value="5"/>
			<triggered_effect trigger="onSelfPrimaryActionEnd" action="AddBuff" buff="buffProcessConsumables"/>
		</effect_group>
	</item>

	<item name="foodCanSoupcooked">
		<property name="CustomIcon" value="foodCanSoup"/>
		<property name="Extends" value="foodCanMisocooked"/>
		<property name="EconomicValue" value="40"/>
		<effect_group tiered="false" name="Food Tier 0">
			<triggered_effect trigger="onSelfPrimaryActionEnd" action="ModifyCVar" cvar="$foodAmountAdd" operation="add" value="10"/>
			<triggered_effect trigger="onSelfPrimaryActionEnd" action="ModifyCVar" cvar="foodHealthAmount" operation="add" value="5"/>
			<triggered_effect trigger="onSelfPrimaryActionEnd" action="ModifyCVar" cvar="$waterAmountAdd" operation="add" value="10"/>
			<triggered_effect trigger="onSelfPrimaryActionEnd" action="AddBuff" buff="buffProcessConsumables"/>
		</effect_group>
	</item>

	<item name="foodCanStockcooked">
		<property name="CustomIcon" value="foodCanStock"/>
		<property name="Extends" value="foodCanMisocooked"/>
		<property name="EconomicValue" value="40"/>
		<effect_group tiered="false" name="Food Tier 0">
			<triggered_effect trigger="onSelfPrimaryActionEnd" action="ModifyCVar" cvar="$foodAmountAdd" operation="add" value="5"/>
			<triggered_effect trigger="onSelfPrimaryActionEnd" action="ModifyCVar" cvar="foodHealthAmount" operation="add" value="1"/>
			<triggered_effect trigger="onSelfPrimaryActionEnd" action="ModifyCVar" cvar="$waterAmountAdd" operation="add" value="10"/>
			<triggered_effect trigger="onSelfPrimaryActionEnd" action="AddBuff" buff="buffProcessConsumables"/>
		</effect_group>
	</item>
	
	<item name="foodCanCarrotscooked">
		<property name="CustomIcon" value="foodCanCarrots"/>
		<property name="Extends" value="foodCanMisocooked"/>
		<property name="EconomicValue" value="20"/>
		<effect_group tiered="false" name="Food Tier 0">
			<triggered_effect trigger="onSelfPrimaryActionEnd" action="ModifyCVar" cvar="$foodAmountAdd" operation="add" value="10"/>
			<triggered_effect trigger="onSelfPrimaryActionEnd" action="ModifyCVar" cvar="foodHealthAmount" operation="add" value="5"/>
			<triggered_effect trigger="onSelfPrimaryActionEnd" action="ModifyCVar" cvar="$waterAmountAdd" operation="add" value="5"/>
			<triggered_effect trigger="onSelfPrimaryActionEnd" action="AddBuff" buff="buffProcessConsumables"/>
		</effect_group>
	</item>
	
	<!-- *** new cooked food *** -->
	<item name="foodChickenStew">
		<property name="Tags" value="food"/>
		<property name="DescriptionKey" value="foodChickenStewDesc"/>
		<property name="CustomIcon" value="foodChickenStew"/>
		<property name="HoldType" value="31"/>
		<property name="DisplayType" value="foodWater"/>
		<property name="Meshfile" value="@:Other/Items?Misc/parcelPrefab.prefab"/>
		<property name="DropMeshfile" value="@:Other/Items?Misc/sack_droppedPrefab.prefab"/>
		<property name="Material" value="Morganic"/>
		<property name="Stacknumber" value="10"/> <!-- STK food -->
		<property name="EconomicValue" value="140"/>
		<property name="UnlockedBy" value="craftingFood"/>
		<property class="Action0">
			<property name="Class" value="Eat"/>
			<property name="Delay" value="1.0"/>
			<property name="Use_time" value="..."/>
			<property name="Sound_start" value="player_drinking"/>			
		</property>
		<property name="Group" value="Food/Cooking,CFFood/Cooking"/>

		<effect_group tiered="false" name="Food Tier 3">
			<triggered_effect trigger="onSelfPrimaryActionEnd" action="ModifyCVar" cvar="$foodAmountAdd" operation="add" value="70"/>
			<triggered_effect trigger="onSelfPrimaryActionEnd" action="ModifyCVar" cvar="foodHealthAmount" operation="add" value="35"/>
			<triggered_effect trigger="onSelfPrimaryActionEnd" action="ModifyCVar" cvar="$waterAmountAdd" operation="add" value="10"/>
			<triggered_effect trigger="onSelfPrimaryActionEnd" action="ModifyCVar" cvar=".foodStaminaBonusAdd" operation="add" value="30"/>
			<triggered_effect trigger="onSelfPrimaryActionEnd" action="AddBuff" buff="buffProcessConsumables"/>
		</effect_group>
	</item>
	
	<item name="foodChickenMiso">
		<property name="Tags" value="food"/>
		<property name="DescriptionKey" value="foodChickenMisoDesc"/>
		<property name="CustomIcon" value="foodChickenMiso"/>
		<property name="HoldType" value="31"/>
		<property name="DisplayType" value="foodWater"/>
		<property name="Meshfile" value="@:Other/Items?Misc/parcelPrefab.prefab"/>
		<property name="DropMeshfile" value="@:Other/Items?Misc/sack_droppedPrefab.prefab"/>
		<property name="Material" value="Morganic"/>
		<property name="Stacknumber" value="10"/> <!-- STK food -->
		<property name="EconomicValue" value="140"/>
		<property name="UnlockedBy" value="craftingFood"/>
		<property class="Action0">
			<property name="Class" value="Eat"/>
			<property name="Delay" value="1.0"/>
			<property name="Use_time" value="..."/>
			<property name="Sound_start" value="player_drinking"/>
			<property name="Create_item" value="drinkJarEmpty" count="2"/>
		</property>
		<property name="Group" value="Food/Cooking,CFFood/Cooking"/>

		<effect_group tiered="false" name="Food Tier 3">
			<triggered_effect trigger="onSelfPrimaryActionEnd" action="ModifyCVar" cvar="$foodAmountAdd" operation="add" value="80"/>
			<triggered_effect trigger="onSelfPrimaryActionEnd" action="ModifyCVar" cvar="foodHealthAmount" operation="add" value="40"/>
			<triggered_effect trigger="onSelfPrimaryActionEnd" action="ModifyCVar" cvar="$waterAmountAdd" operation="add" value="20"/>
			<triggered_effect trigger="onSelfPrimaryActionEnd" action="ModifyCVar" cvar=".foodStaminaBonusAdd" operation="add" value="30"/>
			<triggered_effect trigger="onSelfPrimaryActionEnd" action="AddBuff" buff="buffProcessConsumables"/>
		</effect_group>
	</item>
	
	<item name="foodScrambledEggs">
		<property name="Tags" value="food,foodSkill"/>
		<property name="DescriptionKey" value="foodScrambledEggsDesc"/>
		<property name="CustomIcon" value="foodScrambledEggs"/>
		<property name="HoldType" value="31"/>
		<property name="DisplayType" value="food"/>
		<property name="Meshfile" value="@:Other/Items/Misc/parcelPrefab.prefab"/>
		<property name="DropMeshfile" value="@:Other/Items/Misc/sack_droppedPrefab.prefab"/>
		<property name="Material" value="Morganic"/>
		<property name="Stacknumber" value="10"/> <!-- STK food -->
		<property name="EconomicValue" value="25"/>
		<property class="Action0">
			<property name="Class" value="Eat"/>
			<property name="Delay" value="2.0"/>
			<property name="Sound_start" value="player_eating"/>
			<!-- jar from cooking food <property name="Create_item" value="drinkJarEmpty"/> -->
		</property>
		<property name="Group" value="Food/Cooking,CFFood/Cooking"/>

		<effect_group tiered="false" name="Food Tier 0/1">
			<triggered_effect trigger="onSelfPrimaryActionEnd" action="ModifyCVar" cvar="$foodAmountAdd" operation="add" value="20"/>
			<triggered_effect trigger="onSelfPrimaryActionEnd" action="ModifyCVar" cvar="foodHealthAmount" operation="add" value="10"/>
			<triggered_effect trigger="onSelfPrimaryActionEnd" action="ModifyCVar" cvar=".foodStaminaBonusAdd" operation="add" value="10"/>
			<triggered_effect trigger="onSelfPrimaryActionEnd" action="AddBuff" buff="buffProcessConsumables"/>
		</effect_group>
	</item>
	
	<!-- *** weapon/armour specific repair kits *** -->
	<item name="HandgunRepairKit">
		<property name="DescriptionKey" value="HandgunRepairKitDesc"/>
		<property name="Extends" value="resourceRepairKit"/>
		<property name="Material" value="MHandGunParts"/>
		<property name="Weight" value="1"/>
		<property name="EconomicValue" value="400"/>
		<property name="CustomIcon" value="HandgunRepairKit"/>
		<!-- <property name="CustomIconTint" value="da2c43"/> -->
	</item>

	<item name="ShotgunRepairKit">
		<property name="DescriptionKey" value="ShotgunRepairKitDesc"/>
		<property name="Extends" value="resourceRepairKit"/>
		<property name="Material" value="MShotgunParts"/>
		<property name="Weight" value="1"/>
		<property name="EconomicValue" value="400"/>
		<property name="CustomIcon" value="ShotgunRepairKit"/>
		<!-- <property name="CustomIconTint" value="da2c43"/> -->
	</item>

	<item name="MachinegunRepairKit">
		<property name="DescriptionKey" value="MachinegunRepairKitDesc"/>
		<property name="Extends" value="resourceRepairKit"/>
		<property name="Material" value="MMachineGunParts"/>
		<property name="Weight" value="1"/>
		<property name="EconomicValue" value="400"/>
		<property name="CustomIcon" value="MachinegunRepairKit"/>
		<!-- <property name="CustomIconTint" value="da2c43"/> -->
	</item>

	<item name="RifleRepairKit">
		<property name="DescriptionKey" value="RifleRepairKitDesc"/>
		<property name="Extends" value="resourceRepairKit"/>
		<property name="Material" value="MRifleParts"/>
		<property name="Weight" value="1"/>
		<property name="EconomicValue" value="400"/>
		<property name="CustomIcon" value="RifleRepairKit"/>
		<!-- <property name="CustomIconTint" value="da2c43"/> -->
	</item>

	<item name="RobotRepairKit">
		<property name="DescriptionKey" value="RobotRepairKitDesc"/>
		<property name="Extends" value="resourceRepairKit"/>
		<property name="Material" value="MJunkTurretParts"/>
		<property name="Weight" value="1"/>
		<property name="EconomicValue" value="400"/>
		<property name="CustomIcon" value="RobotRepairKit"/>
		<!-- <property name="CustomIconTint" value="da2c43"/> -->
	</item>

	<item name="BowRepairKit">
		<property name="DescriptionKey" value="BowRepairKitDesc"/>
		<property name="Extends" value="resourceRepairKit"/>
		<property name="Material" value="MBowCrossbowParts"/>
		<property name="Weight" value="1"/>
		<property name="EconomicValue" value="400"/>
		<property name="CustomIcon" value="BowRepairKit"/>
		<!-- <property name="CustomIconTint" value="da2c43"/> -->
	</item>

	<item name="StunBatonRepairKit">
		<property name="DescriptionKey" value="ShotgunRepairKitDesc"/>
		<property name="Extends" value="resourceRepairKit"/>
		<property name="Material" value="MmeleeWpnBatonParts"/>
		<property name="Weight" value="1"/>
		<property name="EconomicValue" value="400"/>
		<property name="CustomIcon" value="StunBatonRepairKit"/>
		<!-- <property name="CustomIconTint" value="da2c43"/> -->
	</item>

	<item name="KnucklesRepairKit">
		<property name="DescriptionKey" value="KnucklesRepairKitDesc"/>
		<property name="Extends" value="resourceRepairKit"/>
		<property name="Material" value="MmeleeWpnKnucklesParts"/>
		<property name="Weight" value="1"/>
		<property name="EconomicValue" value="450"/>
		<property name="CustomIcon" value="KnucklesRepairKit"/>
		<!-- <property name="CustomIconTint" value="da2c43"/> -->
	</item>

	<item name="ClubRepairKit">
		<property name="DescriptionKey" value="ClubRepairKitDesc"/>
		<property name="Extends" value="resourceRepairKit"/>
		<property name="Material" value="MmeleeWpnClubParts"/>
		<property name="Weight" value="1"/>
		<property name="EconomicValue" value="450"/>
		<property name="CustomIcon" value="ClubRepairKit"/>
		<!-- <property name="CustomIconTint" value="da2c43"/> -->
	</item>

	<item name="SledgehammerRepairKit">
		<property name="DescriptionKey" value="SledgehammerRepairKitDesc"/>
		<property name="Extends" value="resourceRepairKit"/>
		<property name="Material" value="MmeleeWpnSledgeParts"/>
		<property name="Weight" value="1"/>
		<property name="EconomicValue" value="450"/>
		<property name="CustomIcon" value="SledgehammerRepairKit"/>
		<!-- <property name="CustomIconTint" value="da2c43"/> -->
	</item>

	<item name="MacheteRepairKit">
		<property name="DescriptionKey" value="MacheteRepairKitDesc"/>
		<property name="Extends" value="resourceRepairKit"/>
		<property name="Material" value="MmeleeWpnBladeParts"/>
		<property name="Weight" value="1"/>
		<property name="EconomicValue" value="450"/>
		<property name="CustomIcon" value="MacheteRepairKit"/>
		<!-- <property name="CustomIconTint" value="da2c43"/> -->
	</item>

	<item name="SpearRepairKit">
		<property name="DescriptionKey" value="SpearRepairKitDesc"/>
		<property name="Extends" value="resourceRepairKit"/>
		<property name="Material" value="MmeleeWpnSpearParts"/>
		<property name="Weight" value="1"/>
		<property name="EconomicValue" value="450"/>
		<property name="CustomIcon" value="SpearRepairKit"/>
		<!-- <property name="CustomIconTint" value="da2c43"/> -->
	</item>

	<item name="RocketLauncherRepairKit">
		<property name="DescriptionKey" value="RocketLauncherRepairKitDesc"/>
		<property name="Extends" value="resourceRepairKit"/>
		<property name="Material" value="MRocketLauncherParts"/>
		<property name="Weight" value="1"/>
		<property name="EconomicValue" value="450"/>
		<property name="CustomIcon" value="RocketLauncherRepairKit"/>
		<!-- <property name="CustomIconTint" value="da2c43"/> -->
	</item>

	<item name="SteelToolRepairKit">
		<property name="DescriptionKey" value="SteelToolRepairKitDesc"/>
		<property name="Extends" value="resourceRepairKit"/>
		<property name="Material" value="MmeleeToolAllSteel"/>
		<property name="Weight" value="1"/>
		<property name="EconomicValue" value="450"/>
		<property name="CustomIcon" value="SteelToolRepairKit"/>
		<!-- <property name="CustomIconTint" value="da2c43"/> -->
	</item>

	<item name="MotorToolRepairKit">
		<property name="DescriptionKey" value="MotorToolRepairKitDesc"/>
		<property name="Extends" value="resourceRepairKit"/>
		<property name="Material" value="MMotorToolParts"/>
		<property name="Weight" value="1"/>
		<property name="EconomicValue" value="450"/>
		<property name="CustomIcon" value="MotorToolRepairKit"/>
		<!-- <property name="CustomIconTint" value="da2c43"/> -->
	</item>

	<item name="MilitaryArmourRepairKit">
		<property name="DescriptionKey" value="MilitaryArmourRepairKitDesc"/>
		<property name="Extends" value="resourceRepairKit"/>
		<property name="Material" value="MarmorMilitarySet"/>
		<property name="Weight" value="1"/>
		<property name="EconomicValue" value="450"/>
		<property name="CustomIcon" value="MilitaryArmourRepairKit"/>
		<!-- <property name="CustomIconTint" value="da2c43"/> -->
	</item>

	<item name="SteelArmourRepairKit">
		<property name="DescriptionKey" value="SteelArmourRepairKitDesc"/>
		<property name="Extends" value="resourceRepairKit"/>
		<property name="Material" value="MarmorSteelSet"/>
		<property name="Weight" value="1"/>
		<property name="EconomicValue" value="450"/>
		<property name="CustomIcon" value="SteelArmourRepairKit"/>
		<!-- <property name="CustomIconTint" value="da2c43"/> -->
	</item>
	</append>
	
	<!-- *** pairs custom repair kits to respective item *** -->
	<setattribute xpath="/items/item[@name='meleeToolPickT2SteelPickaxe']//property[@name='RepairTools']" name="value">SteelToolRepairKit</setattribute>
	<setattribute xpath="/items/item[@name='meleeToolShovelT2SteelShovel']//property[@name='RepairTools']" name="value">SteelToolRepairKit</setattribute>
	<setattribute xpath="/items/item[@name='meleeToolAxeT3Chainsaw']//property[@name='RepairTools']" name="value">MotorToolRepairKit</setattribute>
	<setattribute xpath="/items/item[@name='meleeToolPickT3Auger']//property[@name='RepairTools']" name="value">MotorToolRepairKit</setattribute>
	<setattribute xpath="/items/item[@name='meleeToolSalvageT2Ratchet']//property[@name='RepairTools']" name="value">SteelToolRepairKit</setattribute>
	<setattribute xpath="/items/item[@name='meleeToolSalvageT3ImpactDriver']//property[@name='RepairTools']" name="value">MotorToolRepairKit</setattribute>
	<setattribute xpath="/items/item[@name='meleeWpnBladeT3Machete']//property[@name='RepairTools']" name="value">MacheteRepairKit</setattribute>
	<setattribute xpath="/items/item[@name='meleeWpnClubT3SteelClub']//property[@name='RepairTools']" name="value">ClubRepairKit</setattribute>
	<setattribute xpath="/items/item[@name='meleeWpnBatonT2StunBaton']//property[@name='RepairTools']" name="value">StunBatonRepairKit</setattribute>
	<setattribute xpath="/items/item[@name='meleeWpnSledgeT3SteelSledgehammer']//property[@name='RepairTools']" name="value">SledgehammerRepairKit</setattribute>
	<setattribute xpath="/items/item[@name='gunHandgunT1Pistol']//property[@name='RepairTools']" name="value">HandgunRepairKit</setattribute>
	<setattribute xpath="/items/item[@name='gunHandgunT3SMG5']//property[@name='RepairTools']" name="value">HandgunRepairKit</setattribute>
	<setattribute xpath="/items/item[@name='gunHandgunT2Magnum44']//property[@name='RepairTools']" name="value">HandgunRepairKit</setattribute>
	<setattribute xpath="/items/item[@name='gunHandgunT3DesertVulture']//property[@name='RepairTools']" name="value">HandgunRepairKit</setattribute>
	<setattribute xpath="/items/item[@name='gunShotgunT1DoubleBarrel']//property[@name='RepairTools']" name="value">ShotgunRepairKit</setattribute>
	<setattribute xpath="/items/item[@name='gunShotgunT2PumpShotgun']//property[@name='RepairTools']" name="value">ShotgunRepairKit</setattribute>
	<setattribute xpath="/items/item[@name='gunShotgunT3AutoShotgun']//property[@name='RepairTools']" name="value">ShotgunRepairKit</setattribute>
	<setattribute xpath="/items/item[@name='gunRifleT1HuntingRifle']//property[@name='RepairTools']" name="value">RifleRepairKit</setattribute>
	<setattribute xpath="/items/item[@name='gunRifleT2LeverActionRifle']//property[@name='RepairTools']" name="value">RifleRepairKit</setattribute>
	<setattribute xpath="/items/item[@name='gunRifleT3SniperRifle']//property[@name='RepairTools']" name="value">RifleRepairKit</setattribute>
	<setattribute xpath="/items/item[@name='gunMGT1AK47']//property[@name='RepairTools']" name="value">MachinegunRepairKit</setattribute>
	<setattribute xpath="/items/item[@name='gunMGT2TacticalAR']//property[@name='RepairTools']" name="value">MachinegunRepairKit</setattribute>
	<setattribute xpath="/items/item[@name='gunMGT3M60']//property[@name='RepairTools']" name="value">MachinegunRepairKit</setattribute>
	<setattribute xpath="/items/item[@name='gunExplosivesT3RocketLauncher']//property[@name='RepairTools']" name="value">RocketLauncherRepairKit</setattribute>
	<setattribute xpath="/items/item[@name='gunBowT1WoodenBow']//property[@name='RepairTools']" name="value">BowRepairKit</setattribute>
	<setattribute xpath="/items/item[@name='gunBowT3CompoundBow']//property[@name='RepairTools']" name="value">BowRepairKit</setattribute>
	<setattribute xpath="/items/item[@name='gunBowT1IronCrossbow']//property[@name='RepairTools']" name="value">BowRepairKit</setattribute>
	<setattribute xpath="/items/item[@name='gunBowT3CompoundCrossbow']//property[@name='RepairTools']" name="value">BowRepairKit</setattribute>
	<setattribute xpath="/items/item[@name='gunBotT1JunkSledge']//property[@name='RepairTools']" name="value">RobotRepairKit</setattribute>
	<setattribute xpath="/items/item[@name='gunBotT2JunkTurret']//property[@name='RepairTools']" name="value">RobotRepairKit</setattribute>
	<setattribute xpath="/items/item[@name='gunBotT3JunkDrone']//property[@name='RepairTools']" name="value">RobotRepairKit</setattribute>
	
	<append xpath="/items/item[@name='meleeWpnSpearT3SteelSpear']">
		<property name="RepairTools" value="SpearRepairKit"/> 
	</append>
	<append xpath="/items/item[@name='meleeWpnKnucklesT3SteelKnuckles']">
		<property name="RepairTools" value="KnucklesRepairKit"/>
	</append>
	
	<append xpath="/items/item[@name='meleeWpnKnucklesT3SteelKnuckles']">
		<property name="RepairTools" value="KnucklesRepairKit"/> 
	</append>
	<append xpath="/items/item[@name='meleeWpnSpearT3SteelSpear']">
		<property name="RepairTools" value="SpearRepairKit"/> 
	</append>	
	
	<setattribute xpath="/items/item[@name='armorMilitaryMaster']//property[@name='RepairTools']" name="value">MilitaryArmourRepairKit</setattribute>
	<setattribute xpath="/items/item[@name='armorSteelMaster']//property[@name='RepairTools']" name="value">SteelArmourRepairKit</setattribute>
	<!-- <setattribute xpath="/items/item[@name='armorSwatHelmet']//property[@name='RepairTools']" name="value">SteelArmourRepairKit</setattribute> -->
	
	<!-- *** beaker can't be scrapped, crucible can be sold *** -->
	<set xpath="/items/item[@name='toolBeaker']//property[@name='Weight']/@value">0</set>	<!--unscrappable beaker-->
	<set xpath="/items/item[@name='toolBeaker']//property[@name='EconomicValue']/@value">500</set>
	<set xpath="/items/item[@name='toolForgeCrucible']//property[@name='SellableToTrader']/@value">true</set>	<!--crucible can be sold-->
	
	<!-- *** removes triple armour pocket mod schematic *** -->
	<remove xpath="//item[@name='modArmorTripleStoragePocketSchematic']"/>
</configs>