<configs>
	<!-- search find all *** for changes -->	
	
	<!-- *** removes forge smelting *** -->
	<set xpath="//recipe//ingredient[@name='unit_iron']/@name">resourceScrapIron</set>
	<set xpath="//recipe//ingredient[@name='unit_clay']/@name">resourceClayLump</set>
	<set xpath="//recipe//ingredient[@name='unit_glass']/@name">resourceBrokenGlass</set>
	<set xpath="//recipe//ingredient[@name='unit_stone']/@name">resourceRockSmall</set>
	<set xpath="//recipe//ingredient[@name='unit_brass']/@name">resourceScrapBrass</set>
	<set xpath="//recipe//ingredient[@name='unit_lead']/@name">resourceScrapLead</set>
	<remove xpath="//recipe[@name='resourceClayLump']"/>
	<remove xpath="//recipe[@name='resourceRockSmall']"/>
	<remove xpath="//recipe[@name='resourceScrapBrass']"/>
	<remove xpath="//recipe[@name='resourceScrapIron']"/>
	<remove xpath="//recipe[@name='resourceScrapLead']"/>
	<remove xpath="//recipe[@name='resourceCrushedSand']"/>
	<append xpath="/recipes">
		<recipe name="resourceCrushedSand" count="1" craft_area="cementMixer" tags="cementMixerCrafting">
			<ingredient name="resourceRockSmall" count="1"/>
		</recipe>
	</append>
	
	<!-- *** adjust forge recipes to reflect raw ingredients used *** -->
	<set xpath="//recipe[@name='glassBulletproofBlockVariantHelper']//ingredient[5]/@count">4</set>
	<set xpath="//recipe[@name='glassBulletproofBlockVariantHelper']//ingredient[1]/@count">27</set>
	<set xpath="//recipe[@name='ironBars']//ingredient[2]/@count">4</set>
	<set xpath="//recipe[@name='ironBarsCentered']//ingredient[2]/@count">4</set>
	<set xpath="//recipe[@name='ironBarsCNR']//ingredient[2]/@count">4</set>
	<set xpath="//recipe[@name='metalTrussingIBeamBlockVariantHelper']//ingredient[2]/@count">4</set>
	<set xpath="//recipe[@name='resourceForgedIron']//ingredient[2]/@count">1</set>
	<set xpath="//recipe[@name='resourceForgedSteel']//ingredient[2]/@count">2</set>
	<set xpath="//recipe[@name='resourceMetalPipe']//ingredient[2]/@count">1</set>
	<set xpath="//recipe[@name='resourceRocketCasing']//ingredient[2]/@count">6</set>
	<set xpath="//recipe[@name='resourceRocketTip']//ingredient[2]/@count">6</set>
	<set xpath="//recipe[@name='toolAnvil']//ingredient[2]/@count">20</set>
	<set xpath="//recipe[@name='toolCookingGrill']//ingredient[2]/@count">1</set>
	<set xpath="//recipe[@name='toolCookingPot']//ingredient[2]/@count">1</set>
	<set xpath="//recipe[@name='trapGlassBusinessSheet1x1']//ingredient[4]/@count">1</set>
	<set xpath="//recipe[@name='trapGlassBusinessCTRSheet1x1']//ingredient[4]/@count">1</set>
	<append xpath="/recipes">
		<recipe name="resourceMilitaryFiber" count="1" tooltip="ttScrapMetalBrass" always_unlocked="true" tags="salvageScrap">
			<wildcard_forge_category/>
		</recipe>
		<recipe name="resourceScrapPolymers" count="1" tooltip="ttScrapMetalBrass" always_unlocked="true" tags="salvageScrap">
			<wildcard_forge_category/>
		</recipe>
		<recipe name="resourceElectricParts" count="1" tooltip="ttScrapMetalBrass" always_unlocked="true" tags="salvageScrap">
			<wildcard_forge_category/>
		</recipe>
		<recipe name="resourceMechanicalParts" count="1" tooltip="ttScrapMetalBrass" always_unlocked="true" tags="salvageScrap">
			<wildcard_forge_category/>
		</recipe>
		<recipe name="resourceBrokenGlass" count="1" tooltip="ttScrapMetalBrass" always_unlocked="true" tags="salvageScrap">
			<wildcard_forge_category/>
		</recipe>
		<recipe name="resourceCloth" count="1" tooltip="ttScrapMetalBrass" always_unlocked="true" tags="salvageScrap">
			<wildcard_forge_category/>
		</recipe>
		<recipe name="resourceLeather" count="1" tooltip="ttScrapMetalBrass" always_unlocked="true" tags="salvageScrap">
			<wildcard_forge_category/>
		</recipe>
		<recipe name="resourcePaper" count="1" tooltip="ttScrapMetalBrass" always_unlocked="true" tags="salvageScrap">
			<wildcard_forge_category/>
		</recipe>
		<recipe name="resourceRockSmall" count="1" tooltip="ttScrapMetalBrass" always_unlocked="true" tags="salvageScrap">
			<wildcard_forge_category/>
		</recipe>
		<recipe name="resourceScrapBrass" count="1" tooltip="ttScrapMetalBrass" always_unlocked="true" tags="salvageScrap">
			<wildcard_forge_category/>
		</recipe>
		<recipe name="resourceScrapIron" count="1" tooltip="ttScrapMetalIron" always_unlocked="true" tags="salvageScrap">
			<wildcard_forge_category/>
		</recipe>
		<recipe name="resourceScrapLead" count="1" tooltip="ttScrapMetalLead" always_unlocked="true" tags="salvageScrap">
			<wildcard_forge_category/>
		</recipe>
		<recipe name="resourceWood" count="1" tooltip="ttScrapMetalLead" always_unlocked="true" tags="salvageScrap">
			<wildcard_forge_category/>
		</recipe>
		<recipe name="resourceYuccaFibers" count="1" tooltip="ttScrapMetalBrass" always_unlocked="true" tags="salvageScrap">
			<wildcard_forge_category/>
		</recipe>
		<recipe name="resourceClayLump" count="1" tooltip="ttScrapMetalBrass" always_unlocked="true" tags="salvageScrap">
			<wildcard_forge_category/>
		</recipe>
		<recipe name="resourcePaint" count="1" tooltip="ttScrapMetalBrass" always_unlocked="true" tags="salvageScrap">
			<wildcard_forge_category/>
		</recipe>
		<recipe name="resourceBone" count="1" tooltip="ttScrapMetalBrass" always_unlocked="true" tags="salvageScrap">
			<wildcard_forge_category/>
		</recipe>
		<recipe name="resourceWoodScraps" count="1" tooltip="ttScrapMetalLead" always_unlocked="true" tags="salvageScrap">
			<wildcard_forge_category/>
		</recipe>
		<recipe name="resourceBranch" count="1" tooltip="ttScrapMetalLead" always_unlocked="true" tags="salvageScrap">
			<wildcard_forge_category/>
		</recipe>		
		
	<!-- *** antivenom *** -->
		<recipe name="antivenom" count="1" craft_area="campfire" craft_tool="toolBeaker" tags="learnable">
			<ingredient name="venom" count="1"/>
			<ingredient name="drinkJarBoiledWater" count="1"/>
		</recipe>
		
	<!-- *** hazmat armour mods *** -->
	<recipe name="modHazmatBoots" count="1" craft_area="workbench">
		<ingredient name="apparelHazmatBoots" count="1"/>
		<!-- <ingredient name="modArmorCustomizedFittings" count="1"/> -->
		<ingredient name="resourceMilitaryFiber" count="2"/>
		<ingredient name="resourceDuctTape" count="2"/>		
	</recipe>
	<recipe name="modHazmatGloves" count="1" craft_area="workbench">
		<ingredient name="apparelHazmatGloves" count="1"/>
		<!-- <ingredient name="modArmorCustomizedFittings" count="1"/> -->
		<ingredient name="resourceMilitaryFiber" count="2"/>
		<ingredient name="resourceDuctTape" count="2"/>		
	</recipe>
	<recipe name="modHazmatJacket" count="1" craft_area="workbench">
		<ingredient name="apparelHazmatJacket" count="1"/>
		<!-- <ingredient name="modArmorCustomizedFittings" count="1"/> -->
		<ingredient name="resourceMilitaryFiber" count="2"/>
		<ingredient name="resourceDuctTape" count="2"/>		
	</recipe>
	<recipe name="modHazmatMask" count="1" craft_area="workbench">
		<ingredient name="apparelHazmatMask" count="1"/>
		<!-- <ingredient name="modArmorCustomizedFittings" count="1"/> -->
		<ingredient name="resourceMilitaryFiber" count="2"/>
		<ingredient name="resourceDuctTape" count="2"/>		
	</recipe>
	<recipe name="modHazmatPants" count="1" craft_area="workbench">
		<ingredient name="apparelHazmatPants" count="1"/>
		<!-- <ingredient name="modArmorCustomizedFittings" count="1"/> -->
		<ingredient name="resourceMilitaryFiber" count="2"/>
		<ingredient name="resourceDuctTape" count="2"/>		
	</recipe>

	<!-- *** recipes for new mods *** -->
	<recipe name="modBicycleStaminaSaver" count="1" craft_area="workbench" tags="learnable,workbenchCrafting">
		<ingredient name="resourceForgedIron" count="5"/>
		<ingredient name="resourceElectricParts" count="5"/>
		<ingredient name="resourceMechanicalParts" count="5"/>
		<ingredient name="resourceSpring" count="10"/>
	</recipe>	
	</append>	
	
	<!-- *** repair kits require oil & mech parts *** -->
	<insertAfter xpath="/recipes/recipe[@name='resourceRepairKit']//ingredient[2]">
		<ingredient name="resourceMechanicalParts" count="1"/>
		<ingredient name="resourceOil" count="1"/>
	</insertAfter>
	
	<!-- *** cobblestone more expensive to craft *** -->
	<set xpath="//recipe[@name='resourceCobblestones']//ingredient[1]/@count">2</set>
	<set xpath="//recipe[@name='resourceCobblestones']//ingredient[2]/@count">2</set>
	
	<!-- *** cobblestone cheaper in cement mixer *** -->
	<append xpath="/recipes">
		<recipe name="resourceCobblestones" count="1" craft_area="cementMixer" tags="cementMixerCrafting">
			<ingredient name="resourceClayLump" count="1"/>
			<ingredient name="resourceRockSmall" count="1"/>
		</recipe>
	</append>
	
	<!-- *** dew collector replaced with advanced dew collector *** -->
	<remove xpath="//recipe[@name='cntDewCollector']"/>
	
	<!-- *** tablesaw *** -->
	<!-- <insertafter xpath="//recipe[@name='workbench']">
		<recipe name="playerTableSaw" count="1" craft_area="workbench" tags="learnable,workbenchCrafting" craft_tool="meleeToolSalvageT1Wrench">
			<ingredient name="resourceForgedIron" count="15"/>
			<ingredient name="resourceMechanicalParts" count="10"/>
			<ingredient name="resourceElectricParts" count="5"/>
			<ingredient name="resourceSpring" count="5"/>
		</recipe>
	</insertafter> -->
	
	<!-- *** tools required for crafting *** -->
	<setattribute xpath="//recipe[@name='armorIronBoots']" name="craft_tool">meleeToolRepairT1ClawHammer</setattribute>
	<setattribute xpath="//recipe[@name='armorIronChest']" name="craft_tool">meleeToolRepairT1ClawHammer</setattribute>
	<setattribute xpath="//recipe[@name='armorIronGloves']" name="craft_tool">meleeToolRepairT1ClawHammer</setattribute>
	<setattribute xpath="//recipe[@name='armorIronHelmet']" name="craft_tool">meleeToolRepairT1ClawHammer</setattribute>
	<setattribute xpath="//recipe[@name='armorIronLegs']" name="craft_tool">meleeToolRepairT1ClawHammer</setattribute>
	<setattribute xpath="//recipe[@name='armorFirefightersHelmet']" name="craft_tool">meleeToolRepairT1ClawHammer</setattribute>
	<setattribute xpath="//recipe[@name='armorSteelBoots']" name="craft_tool">meleeToolRepairT1ClawHammer</setattribute>
	<setattribute xpath="//recipe[@name='armorSteelChest']" name="craft_tool">meleeToolRepairT1ClawHammer</setattribute>
	<setattribute xpath="//recipe[@name='armorSteelGloves']" name="craft_tool">meleeToolRepairT1ClawHammer</setattribute>
	<setattribute xpath="//recipe[@name='armorSteelHelmet']" name="craft_tool">meleeToolRepairT1ClawHammer</setattribute>
	<setattribute xpath="//recipe[@name='armorSteelLegs']" name="craft_tool">meleeToolRepairT1ClawHammer</setattribute>
	<setattribute xpath="//recipe[@name='autoTurret']" name="craft_tool">meleeToolSalvageT2Ratchet</setattribute>
	<setattribute xpath="//recipe[@name='batterybank']" name="craft_tool">meleeToolRepairT1ClawHammer</setattribute>
	<setattribute xpath="//recipe[@name='bladeTrap']" name="craft_tool">meleeToolSalvageT2Ratchet</setattribute>
	<setattribute xpath="//recipe[@name='bucketEmpty']" name="craft_area">workbench</setattribute>
	<setattribute xpath="//recipe[@name='bucketEmpty']" name="craft_tool">meleeToolRepairT1ClawHammer</setattribute>
	<setattribute xpath="//recipe[@name='cellarDoorDoubleIron']" name="craft_area">workbench</setattribute>
	<setattribute xpath="//recipe[@name='cellarDoorDoubleIron']" name="craft_tool">meleeToolRepairT1ClawHammer</setattribute>
	<setattribute xpath="//recipe[@name='shuttersIronBlockVariantHelper']" name="craft_area">workbench</setattribute>
	<setattribute xpath="//recipe[@name='shuttersIronBlockVariantHelper']" name="craft_tool">meleeToolRepairT1ClawHammer</setattribute>
	<setattribute xpath="//recipe[@name='burningBarrelPlayer']" name="craft_tool">meleeToolRepairT1ClawHammer</setattribute>
	<setattribute xpath="//recipe[@name='cellarDoorDoubleSteel']" name="craft_tool">meleeToolSalvageT2Ratchet</setattribute>
	<setattribute xpath="//recipe[@name='ceilingLight01_player']" name="craft_tool">meleeToolRepairT1ClawHammer</setattribute>
	<setattribute xpath="//recipe[@name='ceilingLight07_player']" name="craft_tool">meleeToolRepairT1ClawHammer</setattribute>
	<setattribute xpath="//recipe[@name='industrialLight01_player']" name="craft_tool">meleeToolRepairT1ClawHammer</setattribute>
	<setattribute xpath="//recipe[@name='industrialLight02_player']" name="craft_tool">meleeToolRepairT1ClawHammer</setattribute>
	<setattribute xpath="//recipe[@name='shuttersSteelBlockVariantHelper']" name="craft_tool">meleeToolSalvageT2Ratchet</setattribute>
	<setattribute xpath="//recipe[@name='cementMixer']" name="craft_tool">meleeToolSalvageT1Wrench</setattribute>
	<setattribute xpath="//recipe[@name='chemistryStation']" name="craft_tool">meleeToolSalvageT1Wrench</setattribute>
	<setattribute xpath="//recipe[@name='cntBeerCooler']" name="craft_tool">meleeToolRepairT1ClawHammer</setattribute>
	<setattribute xpath="//recipe[@name='cntWallSafe_Player']" name="craft_tool">meleeToolSalvageT1Wrench</setattribute>
	<setattribute xpath="//recipe[@name='cntDeskSafe_Player']" name="craft_tool">meleeToolSalvageT1Wrench</setattribute>
	<setattribute xpath="//recipe[@name='cntGunSafeVariantHelper']" name="craft_tool">meleeToolSalvageT2Ratchet</setattribute>
	<setattribute xpath="//recipe[@name='cntSteelWallCabinetSecure']" name="craft_tool">meleeToolSalvageT2Ratchet</setattribute>
	<setattribute xpath="//recipe[@name='metalFurnitureBlockVariantHelper']" name="craft_tool">meleeToolSalvageT1Wrench</setattribute>
	<setattribute xpath="//recipe[@name='sinksToiletsBlockVariantHelper']" name="craft_area">workbench</setattribute>
	<setattribute xpath="//recipe[@name='sinksToiletsBlockVariantHelper']" name="craft_tool">meleeToolRepairT1ClawHammer</setattribute>
	<setattribute xpath="//recipe[@name='dartTrap']" name="craft_tool">meleeToolSalvageT1Wrench</setattribute>
	<setattribute xpath="//recipe[@name='electricfencepost']" name="craft_tool">meleeToolRepairT1ClawHammer</setattribute>
	<setattribute xpath="//recipe[@name='electrictimerrelay']" name="craft_tool">meleeToolRepairT1ClawHammer</setattribute>
	<setattribute xpath="//recipe[@name='electricwirerelay']" name="craft_tool">meleeToolRepairT1ClawHammer</setattribute>
	<setattribute xpath="//recipe[@name='lanternDecorLightBlockVariantHelper']" name="craft_tool">meleeToolRepairT1ClawHammer</setattribute>
	<setattribute xpath="//recipe[@name='ironGarageDoorBlockVariantHelper']" name="craft_tool">meleeToolSalvageT1Wrench</setattribute>
	<setattribute xpath="//recipe[@name='ironGarageDoor_PoweredBlockVariantHelper']" name="craft_tool">meleeToolSalvageT2Ratchet</setattribute>
	<setattribute xpath="//recipe[@name='woodenGarageDoor3x3_PoweredBlockVariantHelper']" name="craft_tool">meleeToolSalvageT1Wrench</setattribute>
	<setattribute xpath="//recipe[@name='woodenGarageDoor4x3_PoweredBlockVariantHelper']" name="craft_tool">meleeToolSalvageT1Wrench</setattribute>
	<setattribute xpath="//recipe[@name='woodenGarageDoor5x3_PoweredBlockVariantHelper']" name="craft_tool">meleeToolSalvageT1Wrench</setattribute>
	<setattribute xpath="//recipe[@name='steelGarageDoor3x3_PoweredBlockVariantHelper']" name="craft_tool">meleeToolSalvageT2Ratchet</setattribute>
	<setattribute xpath="//recipe[@name='steelGarageDoor4x3_PoweredBlockVariantHelper']" name="craft_tool">meleeToolSalvageT2Ratchet</setattribute>
	<setattribute xpath="//recipe[@name='steelGarageDoor5x3_PoweredBlockVariantHelper']" name="craft_tool">meleeToolSalvageT2Ratchet</setattribute>
	<setattribute xpath="//recipe[@name='rollUpDoor3x3VariantHelper']" name="craft_tool">meleeToolSalvageT1Wrench</setattribute>
	<setattribute xpath="//recipe[@name='rollUpDoor5x4VariantHelper']" name="craft_tool">meleeToolSalvageT1Wrench</setattribute>
	<setattribute xpath="//recipe[@name='rollUpDoor7x4VariantHelper']" name="craft_tool">meleeToolSalvageT1Wrench</setattribute>
	<setattribute xpath="//recipe[@name='metalReinforcedWoodDrawBridge']" name="craft_tool">meleeToolSalvageT1Wrench</setattribute>
	<setattribute xpath="//recipe[@name='metalReinforcedWoodDrawBridgePowered']" name="craft_tool">meleeToolSalvageT2Ratchet</setattribute>
	<setattribute xpath="//recipe[@name='generatorbank']" name="craft_tool">meleeToolSalvageT1Wrench</setattribute>
	<setattribute xpath="//recipe[@name='gunHandgunT1Pistol']" name="craft_tool">meleeToolSalvageT1Wrench</setattribute>
	<setattribute xpath="//recipe[@name='gunHandgunT2Magnum44']" name="craft_tool">meleeToolSalvageT1Wrench</setattribute>
	<setattribute xpath="//recipe[@name='gunHandgunT3DesertVulture']" name="craft_tool">meleeToolSalvageT2Ratchet</setattribute>
	<setattribute xpath="//recipe[@name='gunHandgunT3SMG5']" name="craft_tool">meleeToolSalvageT2Ratchet</setattribute>
	<setattribute xpath="//recipe[@name='gunShotgunT1DoubleBarrel']" name="craft_tool">meleeToolSalvageT1Wrench</setattribute>
	<setattribute xpath="//recipe[@name='gunShotgunT2PumpShotgun']" name="craft_tool">meleeToolSalvageT2Ratchet</setattribute>
	<setattribute xpath="//recipe[@name='gunShotgunT3AutoShotgun']" name="craft_tool">meleeToolSalvageT2Ratchet</setattribute>
	<setattribute xpath="//recipe[@name='gunRifleT1HuntingRifle']" name="craft_tool">meleeToolSalvageT1Wrench</setattribute>
	<setattribute xpath="//recipe[@name='gunRifleT2LeverActionRifle']" name="craft_tool">meleeToolSalvageT2Ratchet</setattribute>
	<setattribute xpath="//recipe[@name='gunRifleT3SniperRifle']" name="craft_tool">meleeToolSalvageT2Ratchet</setattribute>
	<setattribute xpath="//recipe[@name='gunMGT1AK47']" name="craft_tool">meleeToolSalvageT1Wrench</setattribute>
	<setattribute xpath="//recipe[@name='gunMGT2TacticalAR']" name="craft_tool">meleeToolSalvageT2Ratchet</setattribute>
	<setattribute xpath="//recipe[@name='gunMGT3M60']" name="craft_tool">meleeToolSalvageT2Ratchet</setattribute>
	<setattribute xpath="//recipe[@name='gunExplosivesT3RocketLauncher']" name="craft_tool">meleeToolSalvageT2Ratchet</setattribute>
	<setattribute xpath="//recipe[@name='gunBowT1WoodenBow']" name="craft_tool">meleeToolSalvageT1Wrench</setattribute>
	<setattribute xpath="//recipe[@name='gunBowT3CompoundBow']" name="craft_tool">meleeToolSalvageT2Ratchet</setattribute>
	<setattribute xpath="//recipe[@name='gunBowT1IronCrossbow']" name="craft_tool">meleeToolSalvageT1Wrench</setattribute>
	<setattribute xpath="//recipe[@name='gunBowT3CompoundCrossbow']" name="craft_tool">meleeToolSalvageT2Ratchet</setattribute>
	<setattribute xpath="//recipe[@name='gunBotT1JunkSledge']" name="craft_tool">meleeToolSalvageT1Wrench</setattribute>
	<setattribute xpath="//recipe[@name='gunBotT2JunkTurret']" name="craft_tool">meleeToolSalvageT2Ratchet</setattribute>
	<setattribute xpath="//recipe[@name='gunBotT3JunkDrone']" name="craft_tool">meleeToolSalvageT2Ratchet</setattribute>
	<setattribute xpath="//recipe[@name='meleeToolRepairT3Nailgun']" name="craft_tool">meleeToolSalvageT2Ratchet</setattribute>
	<setattribute xpath="//recipe[@name='ladderMetal']" name="craft_area">workbench</setattribute>
	<setattribute xpath="//recipe[@name='ladderMetal']" name="craft_tool">meleeToolRepairT1ClawHammer</setattribute>
	<setattribute xpath="//recipe[@name='ladderSteel']" name="craft_tool">meleeToolRepairT1ClawHammer</setattribute>
	<setattribute xpath="//recipe[@name='resourceLockPick']" name="craft_tool">meleeToolSalvageT1Wrench</setattribute>
	<setattribute xpath="//recipe[@name='resourceLockPickBundle']" name="craft_tool">meleeToolSalvageT1Wrench</setattribute>
	<setattribute xpath="//recipe[@name='meleeWpnClubT1BaseballBat']" name="craft_tool">meleeToolRepairT1ClawHammer</setattribute>
	<setattribute xpath="//recipe[@name='meleeWpnClubT3SteelClub']" name="craft_tool">meleeToolRepairT1ClawHammer</setattribute>
	<setattribute xpath="//recipe[@name='meleeToolPickT3Auger']" name="craft_tool">meleeToolSalvageT2Ratchet</setattribute>
	<setattribute xpath="//recipe[@name='meleeToolAxeT3Chainsaw']" name="craft_tool">meleeToolSalvageT2Ratchet</setattribute>
	<setattribute xpath="//recipe[@name='meleeToolAxeT1IronFireaxe']" name="craft_tool">meleeToolRepairT1ClawHammer</setattribute>
	<setattribute xpath="//recipe[@name='meleeToolAxeT2SteelAxe']" name="craft_tool">meleeToolRepairT1ClawHammer</setattribute>
	<setattribute xpath="//recipe[@name='meleeWpnSpearT1IronSpear']" name="craft_tool">meleeToolRepairT1ClawHammer</setattribute>
	<setattribute xpath="//recipe[@name='meleeWpnSpearT3SteelSpear']" name="craft_tool">meleeToolRepairT1ClawHammer</setattribute>
	<setattribute xpath="//recipe[@name='meleeWpnBladeT1HuntingKnife']" name="craft_tool">meleeToolRepairT1ClawHammer</setattribute>
	<setattribute xpath="//recipe[@name='meleeWpnBladeT3Machete']" name="craft_tool">meleeToolRepairT1ClawHammer</setattribute>
	<setattribute xpath="//recipe[@name='meleeToolPickT1IronPickaxe']" name="craft_tool">meleeToolRepairT1ClawHammer</setattribute>
	<setattribute xpath="//recipe[@name='meleeToolPickT2SteelPickaxe']" name="craft_tool">meleeToolRepairT1ClawHammer</setattribute>
	<setattribute xpath="//recipe[@name='meleeToolShovelT1IronShovel']" name="craft_tool">meleeToolRepairT1ClawHammer</setattribute>
	<setattribute xpath="//recipe[@name='meleeToolShovelT2SteelShovel']" name="craft_tool">meleeToolRepairT1ClawHammer</setattribute>
	<setattribute xpath="//recipe[@name='meleeWpnSledgeT1IronSledgehammer']" name="craft_tool">meleeToolRepairT1ClawHammer</setattribute>
	<setattribute xpath="//recipe[@name='meleeWpnSledgeT3SteelSledgehammer']" name="craft_tool">meleeToolRepairT1ClawHammer</setattribute>
	<setattribute xpath="//recipe[@name='meleeWpnBatonT2StunBaton']" name="craft_tool">meleeToolSalvageT1Wrench</setattribute>
	<!-- <setattribute xpath="//recipe[@name='meleeToolSalvageT1Wrench']" name="craft_area">workbench</setattribute> -->
	<!-- <setattribute xpath="//recipe[@name='meleeToolSalvageT1Wrench']" name="craft_tool">meleeToolRepairT1ClawHammer</setattribute> -->
	<setattribute xpath="//recipe[@name='meleeToolSalvageT2Ratchet']" name="craft_tool">meleeToolSalvageT1Wrench</setattribute>
	<setattribute xpath="//recipe[@name='meleeToolSalvageT3ImpactDriver']" name="craft_tool">meleeToolSalvageT2Ratchet</setattribute>
	<setattribute xpath="//recipe[@name='meleeWpnKnucklesT1IronKnuckles']" name="craft_area">workbench</setattribute>
	<setattribute xpath="//recipe[@name='meleeWpnKnucklesT1IronKnuckles']" name="craft_tool">meleeToolRepairT1ClawHammer</setattribute>
	<setattribute xpath="//recipe[@name='meleeWpnKnucklesT3SteelKnuckles']" name="craft_tool">meleeToolRepairT1ClawHammer</setattribute>
	<setattribute xpath="//recipe[@name='modArmorAdvancedMuffledConnectors']" name="craft_tool">meleeToolSalvageT2Ratchet</setattribute>
	<setattribute xpath="//recipe[@name='modArmorCoolingMesh']" name="craft_tool">meleeToolSalvageT2Ratchet</setattribute>
	<setattribute xpath="//recipe[@name='modArmorCustomizedFittings']" name="craft_tool">meleeToolSalvageT2Ratchet</setattribute>
	<setattribute xpath="//recipe[@name='modArmorDoubleStoragePocket']" name="craft_tool">meleeToolSalvageT1Wrench</setattribute>
	<setattribute xpath="//recipe[@name='modArmorHelmetLight']" name="craft_tool">meleeToolSalvageT2Ratchet</setattribute>
	<setattribute xpath="//recipe[@name='modFuelTankSmall']" name="craft_tool">meleeToolRepairT1ClawHammer</setattribute>
	<setattribute xpath="//recipe[@name='modFuelTankLarge']" name="craft_tool">meleeToolRepairT1ClawHammer</setattribute>
	<setattribute xpath="//recipe[@name='modArmorImpactBracing']" name="craft_tool">meleeToolSalvageT2Ratchet</setattribute>
	<setattribute xpath="//recipe[@name='modArmorImprovedFittings']" name="craft_tool">meleeToolSalvageT1Wrench</setattribute>
	<setattribute xpath="//recipe[@name='modArmorMuffledConnectors']" name="craft_tool">meleeToolSalvageT1Wrench</setattribute>
	<setattribute xpath="//recipe[@name='modArmorPlatingBasic']" name="craft_tool">meleeToolRepairT1ClawHammer</setattribute>
	<setattribute xpath="//recipe[@name='modArmorPlatingReinforced']" name="craft_tool">meleeToolSalvageT1Wrench</setattribute>
	<setattribute xpath="//recipe[@name='modArmorStoragePocket']" name="craft_tool">meleeToolSalvageT1Wrench</setattribute>
	<setattribute xpath="//recipe[@name='modArmorTripleStoragePocket']" name="craft_tool">meleeToolSalvageT1Wrench</setattribute>
	<setattribute xpath="//recipe[@name='modArmorWaterPurifier']" name="craft_tool">meleeToolRepairT1ClawHammer</setattribute>
	<setattribute xpath="//recipe[@name='modGunBarrelExtender']" name="craft_tool">meleeToolSalvageT2Ratchet</setattribute>
	<setattribute xpath="//recipe[@name='modGunDrumMagazineExtender']" name="craft_tool">meleeToolSalvageT2Ratchet</setattribute>
	<setattribute xpath="//recipe[@name='modGunBipod']" name="craft_tool">meleeToolSalvageT1Wrench</setattribute>
	<setattribute xpath="//recipe[@name='modGunBowArrowRest']" name="craft_tool">meleeToolSalvageT1Wrench</setattribute>
	<setattribute xpath="//recipe[@name='modGunBowPolymerString']" name="craft_tool">meleeToolSalvageT1Wrench</setattribute>
	<setattribute xpath="//recipe[@name='modGunChoke']" name="craft_tool">meleeToolSalvageT1Wrench</setattribute>
	<setattribute xpath="//recipe[@name='modGunCrippleEm']" name="craft_tool">meleeToolSalvageT1Wrench</setattribute>
	<setattribute xpath="//recipe[@name='modGunDuckbill']" name="craft_tool">meleeToolSalvageT1Wrench</setattribute>
	<setattribute xpath="//recipe[@name='modGunForegrip']" name="craft_tool">meleeToolSalvageT1Wrench</setattribute>
	<setattribute xpath="//recipe[@name='modGunLaserSight']" name="craft_tool">meleeToolSalvageT2Ratchet</setattribute>
	<setattribute xpath="//recipe[@name='modGunMagazineExtender']" name="craft_tool">meleeToolSalvageT1Wrench</setattribute>
	<setattribute xpath="//recipe[@name='modGunShotgunTubeExtenderMagazine']" name="craft_tool">meleeToolSalvageT1Wrench</setattribute>
	<setattribute xpath="//recipe[@name='modGunMeleeRadRemover']" name="craft_tool">meleeToolSalvageT2Ratchet</setattribute>
	<setattribute xpath="//recipe[@name='modGunMeleeTheHunter']" name="craft_tool">meleeToolSalvageT1Wrench</setattribute>
	<setattribute xpath="//recipe[@name='modGunMuzzleBrake']" name="craft_tool">meleeToolSalvageT1Wrench</setattribute>
	<setattribute xpath="//recipe[@name='modGunReflexSight']" name="craft_tool">meleeToolSalvageT2Ratchet</setattribute>
	<setattribute xpath="//recipe[@name='modGunRetractingStock']" name="craft_tool">meleeToolSalvageT2Ratchet</setattribute>
	<setattribute xpath="//recipe[@name='modGunScopeLarge']" name="craft_tool">meleeToolRepairT1ClawHammer</setattribute>
	<setattribute xpath="//recipe[@name='modGunScopeMedium']" name="craft_tool">meleeToolRepairT1ClawHammer</setattribute>
	<setattribute xpath="//recipe[@name='modGunScopeSmall']" name="craft_tool">meleeToolRepairT1ClawHammer</setattribute>
	<setattribute xpath="//recipe[@name='modGunSoundSuppressorSilencer']" name="craft_tool">meleeToolSalvageT2Ratchet</setattribute>
	<setattribute xpath="//recipe[@name='modGunTriggerGroupAutomatic']" name="craft_tool">meleeToolSalvageT2Ratchet</setattribute>
	<setattribute xpath="//recipe[@name='modGunTriggerGroupBurst3']" name="craft_tool">meleeToolSalvageT2Ratchet</setattribute>
	<setattribute xpath="//recipe[@name='modGunTriggerGroupSemi']" name="craft_tool">meleeToolSalvageT1Wrench</setattribute>
	<setattribute xpath="//recipe[@name='modMeleeDiamondTip']" name="craft_tool">meleeToolSalvageT2Ratchet</setattribute>
	<setattribute xpath="//recipe[@name='modMeleeStunBatonRepulsor']" name="craft_tool">meleeToolSalvageT2Ratchet</setattribute>
	<setattribute xpath="//recipe[@name='modMeleeBunkerBuster']" name="craft_tool">meleeToolSalvageT2Ratchet</setattribute>
	<setattribute xpath="//recipe[@name='modMeleeClubBarbedWire']" name="craft_tool">meleeToolSalvageT1Wrench</setattribute>
	<setattribute xpath="//recipe[@name='modMeleeClubBurningShaft']" name="craft_tool">meleeToolRepairT1ClawHammer</setattribute>
	<setattribute xpath="//recipe[@name='modMeleeClubMetalSpikes']" name="craft_tool">meleeToolSalvageT1Wrench</setattribute>
	<setattribute xpath="//recipe[@name='modMeleeClubMetalChain']" name="craft_tool">meleeToolSalvageT1Wrench</setattribute>
	<setattribute xpath="//recipe[@name='modMeleeErgonomicGrip']" name="craft_tool">meleeToolSalvageT2Ratchet</setattribute>
	<setattribute xpath="//recipe[@name='modMeleeFortifyingGrip']" name="craft_tool">meleeToolSalvageT2Ratchet</setattribute>
	<setattribute xpath="//recipe[@name='modMeleeFiremansAxeMod']" name="craft_tool">meleeToolRepairT1ClawHammer</setattribute>
	<setattribute xpath="//recipe[@name='modMeleeGraveDigger']" name="craft_tool">meleeToolSalvageT1Wrench</setattribute>
	<setattribute xpath="//recipe[@name='modMeleeIronBreaker']" name="craft_tool">meleeToolSalvageT2Ratchet</setattribute>
	<setattribute xpath="//recipe[@name='modMeleeSerratedBlade']" name="craft_tool">meleeToolSalvageT1Wrench</setattribute>
	<setattribute xpath="//recipe[@name='modMeleeStructuralBrace']" name="craft_tool">meleeToolSalvageT1Wrench</setattribute>
	<setattribute xpath="//recipe[@name='modMeleeTemperedBlade']" name="craft_tool">meleeToolSalvageT2Ratchet</setattribute>
	<setattribute xpath="//recipe[@name='modMeleeWeightedHead']" name="craft_tool">meleeToolSalvageT1Wrench</setattribute>
	<setattribute xpath="//recipe[@name='modMeleeWoodSplitter']" name="craft_tool">meleeToolSalvageT1Wrench</setattribute>
	<setattribute xpath="//recipe[@name='modShotgunSawedOffBarrel']" name="craft_tool">meleeToolSalvageT1Wrench</setattribute>
	<setattribute xpath="//recipe[@name='modRoboticDroneArmorPlatingMod']" name="craft_tool">meleeToolSalvageT2Ratchet</setattribute>
	<setattribute xpath="//recipe[@name='modRoboticDroneCargoMod']" name="craft_tool">meleeToolSalvageT2Ratchet</setattribute>
	<setattribute xpath="//recipe[@name='modRoboticDroneMedicMod']" name="craft_tool">meleeToolSalvageT2Ratchet</setattribute>
	<setattribute xpath="//recipe[@name='modRoboticDroneHeadlampMod']" name="craft_tool">meleeToolSalvageT2Ratchet</setattribute>
	<setattribute xpath="//recipe[@name='modRoboticDroneMoraleBoosterMod']" name="craft_tool">meleeToolSalvageT2Ratchet</setattribute>
	<setattribute xpath="//recipe[@name='modVehicleFuelSaver']" name="craft_tool">meleeToolSalvageT2Ratchet</setattribute>
	<setattribute xpath="//recipe[@name='modVehicleOffRoadHeadlights']" name="craft_tool">meleeToolSalvageT2Ratchet</setattribute>
	<setattribute xpath="//recipe[@name='modVehicleSuperCharger']" name="craft_tool">meleeToolSalvageT2Ratchet</setattribute>
	<setattribute xpath="//recipe[@name='modVehicleExpandedSeat']" name="craft_tool">meleeToolSalvageT2Ratchet</setattribute>
	<setattribute xpath="//recipe[@name='modVehicleReserveFuelTank']" name="craft_tool">meleeToolSalvageT2Ratchet</setattribute>
	<setattribute xpath="//recipe[@name='motionsensor']" name="craft_tool">meleeToolSalvageT1Wrench</setattribute>
	<setattribute xpath="//recipe[@name='officeChair01']" name="craft_area">workbench</setattribute>
	<setattribute xpath="//recipe[@name='officeChair01']" name="craft_tool">meleeToolSalvageT1Wrench</setattribute>
	<setattribute xpath="//recipe[@name='pressureplate']" name="craft_tool">meleeToolSalvageT1Wrench</setattribute>
	<setattribute xpath="//recipe[@name='pressureplateLong']" name="craft_tool">meleeToolSalvageT1Wrench</setattribute>
	<setattribute xpath="//recipe[@name='ironHatchBlockVariantHelper']" name="craft_area">workbench</setattribute>
	<setattribute xpath="//recipe[@name='ironHatchBlockVariantHelper']" name="craft_tool">meleeToolRepairT1ClawHammer</setattribute>
	<setattribute xpath="//recipe[@name='sectionalLeatherCouchSofaBlockVariantHelper']" name="craft_area">workbench</setattribute>
	<setattribute xpath="//recipe[@name='sectionalLeatherCouchSofaBlockVariantHelper']" name="craft_tool">meleeToolRepairT1ClawHammer</setattribute>
	<setattribute xpath="//recipe[@name='sectionalPlaidCouchSofaBlockVariantHelper']" name="craft_area">workbench</setattribute>
	<setattribute xpath="//recipe[@name='sectionalPlaidCouchSofaBlockVariantHelper']" name="craft_tool">meleeToolRepairT1ClawHammer</setattribute>
	<setattribute xpath="//recipe[@name='couchModernBlockVariantHelper']" name="craft_area">workbench</setattribute>
	<setattribute xpath="//recipe[@name='couchModernBlockVariantHelper']" name="craft_tool">meleeToolRepairT1ClawHammer</setattribute>
	<setattribute xpath="//recipe[@name='couchUglySingleBlockVariantHelper']" name="craft_area">workbench</setattribute>
	<setattribute xpath="//recipe[@name='couchUglySingleBlockVariantHelper']" name="craft_tool">meleeToolRepairT1ClawHammer</setattribute>
	<setattribute xpath="//recipe[@name='couchUglySmallBlockVariantHelper']" name="craft_area">workbench</setattribute>
	<setattribute xpath="//recipe[@name='couchUglySmallBlockVariantHelper']" name="craft_tool">meleeToolRepairT1ClawHammer</setattribute>
	<setattribute xpath="//recipe[@name='couchUglyLargeBlockVariantHelper']" name="craft_area">workbench</setattribute>
	<setattribute xpath="//recipe[@name='couchUglyLargeBlockVariantHelper']" name="craft_tool">meleeToolRepairT1ClawHammer</setattribute>
	<setattribute xpath="//recipe[@name='shotgunTurret']" name="craft_tool">meleeToolSalvageT2Ratchet</setattribute>
	<setattribute xpath="//recipe[@name='speaker']" name="craft_tool">meleeToolRepairT1ClawHammer</setattribute>
	<setattribute xpath="//recipe[@name='spotlightPlayer']" name="craft_tool">meleeToolSalvageT1Wrench</setattribute>
	<setattribute xpath="//recipe[@name='switch']" name="craft_tool">meleeToolSalvageT1Wrench</setattribute>
	<setattribute xpath="//recipe[@name='thrownGrenade']" name="craft_tool">meleeToolSalvageT1Wrench</setattribute>
	<setattribute xpath="//recipe[@name='thrownGrenadeContact']" name="craft_tool">meleeToolSalvageT1Wrench</setattribute>
	<setattribute xpath="//recipe[@name='toolForgeCrucible']" name="craft_tool">meleeToolSalvageT2Ratchet</setattribute>
	<setattribute xpath="//recipe[@name='toolBellows']" name="craft_area">workbench</setattribute>
	<setattribute xpath="//recipe[@name='toolBellows']" name="craft_tool">meleeToolRepairT1ClawHammer</setattribute>
	<setattribute xpath="//recipe[@name='trapSpikesIronDmg0']" name="craft_area">workbench</setattribute>
	<setattribute xpath="//recipe[@name='trapSpikesIronDmg0']" name="craft_tool">meleeToolRepairT1ClawHammer</setattribute>
	<setattribute xpath="//recipe[@name='tvBlockVariantHelper']" name="craft_tool">meleeToolSalvageT1Wrench</setattribute>
	<setattribute xpath="//recipe[@name='vaultDoor01']" name="craft_tool">meleeToolSalvageT2Ratchet</setattribute>
	<setattribute xpath="//recipe[@name='vaultHatch01']" name="craft_tool">meleeToolSalvageT2Ratchet</setattribute>
	<setattribute xpath="//recipe[@name='vaultHatch01_Powered']" name="craft_tool">meleeToolSalvageT2Ratchet</setattribute>
	<setattribute xpath="//recipe[@name='vaultDoor01_Powered']" name="craft_tool">meleeToolSalvageT2Ratchet</setattribute>
	<setattribute xpath="//recipe[@name='vaultDoor01Double']" name="craft_tool">meleeToolSalvageT2Ratchet</setattribute>
	<setattribute xpath="//recipe[@name='vaultDoor01Double_Powered']" name="craft_tool">meleeToolSalvageT2Ratchet</setattribute>
	<setattribute xpath="//recipe[@name='vehicle4x4TruckAccessories']" name="craft_tool">meleeToolSalvageT2Ratchet</setattribute>
	<setattribute xpath="//recipe[@name='vehicle4x4TruckChassis']" name="craft_tool">meleeToolSalvageT2Ratchet</setattribute>
	<!-- <setattribute xpath="//recipe[@name='vehicle4x4TruckPlaceable']" name="craft_tool">meleeToolSalvageT3ImpactDriver</setattribute> -->
	<setattribute xpath="//recipe[@name='vehicleBicycleChassis']" name="craft_tool">meleeToolRepairT1ClawHammer</setattribute>
	<setattribute xpath="//recipe[@name='vehicleBicyclePlaceable']" name="craft_tool">meleeToolSalvageT1Wrench</setattribute>
	<setattribute xpath="//recipe[@name='vehicleGyroCopterAccessories']" name="craft_tool">meleeToolSalvageT2Ratchet</setattribute>
	<setattribute xpath="//recipe[@name='vehicleGyroCopterChassis']" name="craft_tool">meleeToolSalvageT2Ratchet</setattribute>
	<!-- <setattribute xpath="//recipe[@name='vehicleGyrocopterPlaceable']" name="craft_tool">meleeToolSalvageT3ImpactDriver</setattribute> -->
	<setattribute xpath="//recipe[@name='vehicleMinibikeChassis']" name="craft_tool">meleeToolSalvageT1Wrench</setattribute>
	<setattribute xpath="//recipe[@name='vehicleMinibikeHandlebars']" name="craft_tool">meleeToolSalvageT1Wrench</setattribute>
	<!-- <setattribute xpath="//recipe[@name='vehicleMinibikePlaceable']" name="craft_tool">meleeToolSalvageT2Ratchet</setattribute> -->
	<setattribute xpath="//recipe[@name='vehicleMotorcycleChassis']" name="craft_tool">meleeToolSalvageT2Ratchet</setattribute>
	<setattribute xpath="//recipe[@name='vehicleMotorcycleHandlebars']" name="craft_tool">meleeToolSalvageT2Ratchet</setattribute>
	<!-- <setattribute xpath="//recipe[@name='vehicleMotorcyclePlaceable']" name="craft_tool">meleeToolSalvageT3ImpactDriver</setattribute> -->
	<setattribute xpath="//recipe[@name='vehicleWheels']" name="craft_area">workbench</setattribute>
	<setattribute xpath="//recipe[@name='vehicleWheels']" name="craft_tool">meleeToolRepairT1ClawHammer</setattribute>	
	
	<!-- *** frameshapes recipe *** -->
	<set xpath="//recipe[@name='frameShapes:VariantHelper']/ingredient[@name='resourceWood']/@count">5</set>
	<set xpath="//recipe[@name='frameShapes:VariantHelper']/ingredient[@name='resourceWood']/@name">resourceWoodScraps</set>	
	
	<!-- *** logs from trees make planks in a tablesaw *** -->
	<remove xpath="//recipe[@name='woodLogPillar100']"/>
	<insertbefore xpath="//recipe[@name='workbench']">
		<recipe name="resourceWood" count="10" craft_time="15" craft_area="playerTableSaw" craft_exp_gain="0" tags="resourceWood,tablesawCrafting">
			<ingredient name="woodLogPillar100" count="1"/>
		</recipe>
	</insertbefore>		
	
	<!-- *** replaces wood with branches for all primitive items *** -->
	<set xpath="//recipe[@name='ammoArrowStone']//ingredient[@name='resourceWood']/@name">resourceBranch</set>
	<set xpath="//recipe[@name='ammoBundleArrowStone']//ingredient[@name='resourceWood']/@name">resourceBranch</set>
	<set xpath="//recipe[@name='ammoCrossbowBoltStone']//ingredient[@name='resourceWood']/@name">resourceBranch</set>
	<set xpath="//recipe[@name='ammoBundleCrossbowBoltStone']//ingredient[@name='resourceWood']/@name">resourceBranch</set>
	<set xpath="//recipe[@name='meleeWpnSpearT0StoneSpear']//ingredient[@name='resourceWood']/@name">resourceBranch</set>
	<set xpath="//recipe[@name='meleeToolShovelT0StoneShovel']//ingredient[@name='resourceWood']/@name">resourceBranch</set>
	<set xpath="//recipe[@name='meleeWpnSledgeT0StoneSledgehammer']//ingredient[@name='resourceWood']/@name">resourceBranch</set>
	<set xpath="//recipe[@name='meleeToolRepairT0StoneAxe']//ingredient[@name='resourceWood']/@name">resourceBranch</set>
	<set xpath="//recipe[@name='gunBowT0PrimitiveBow']//ingredient[@name='resourceWood']/@name">resourceBranch</set>
	<set xpath="//recipe[@name='meleeWpnClubT0WoodenClub']//ingredient[@name='resourceWood']/@name">resourceBranch</set>
	<append xpath="//recipe[@name='meleeWpnClubT0WoodenClub']">
		<ingredient name="resourceYuccaFibers" count="5"/>
	</append>
	<set xpath="//recipe[@name='meleeToolTorch']//ingredient[@name='resourceWood']/@count">4</set>
	<set xpath="//recipe[@name='meleeToolTorch']//ingredient[@name='resourceWood']/@name">resourceBranch</set>
	
	<!-- *** new wood arrow/bolt. No feathers, no stone, low damage, always breaks *** -->
	<append xpath="/recipes">
	<recipe name="ammoArrowWood" count="1">
		<ingredient name="resourceBranch" count="1"/>
	</recipe>
	<recipe name="resourceBranch" count="1">
		<ingredient name="ammoArrowWood" count="2"/>
	</recipe>
	<recipe name="ammoCrossbowBoltWood" count="1">
		<ingredient name="resourceBranch" count="1"/>
	</recipe>
	<recipe name="resourceBranch" count="1">
		<ingredient name="ammoCrossbowBoltWood" count="2"/>
	</recipe>
	
	<!-- *** storage chest *** -->
	<recipe name="cntHardenedChestSecure" count="1" craft_area="workbench" tags="workbenchCrafting">
		<ingredient name="resourceForgedSteel" count="40"/>
		<ingredient name="resourceSpring" count="5"/>
		<ingredient name="resourceMechanicalParts" count="5"/>
	</recipe>
	
	<!-- *** cooked canned food *** -->
	<recipe name="foodCanBeefcooked" count="1" craft_area="campfire" craft_time="12" tags="perkMasterChef">
		<ingredient name="foodCanBeef" count="1"/>
	</recipe>
	<recipe name="foodCanChickencooked" count="1" craft_area="campfire" craft_time="12" tags="perkMasterChef">
		<ingredient name="foodCanChicken" count="1"/>
	</recipe>
	<recipe name="foodCanLambcooked" count="1" craft_area="campfire" craft_time="12" tags="perkMasterChef">
		<ingredient name="foodCanLamb" count="1"/>
	</recipe>
	<recipe name="foodCanChilicooked" count="1" craft_area="campfire" craft_time="12" tags="perkMasterChef">
		<ingredient name="foodCanChili" count="1"/>
	</recipe>
	<recipe name="foodCanTunacooked" count="1" craft_area="campfire" craft_time="12" tags="perkMasterChef">
		<ingredient name="foodCanTuna" count="1"/>
	</recipe>
	<recipe name="foodCanShamcooked" count="1" craft_area="campfire" craft_time="12" tags="perkMasterChef">
		<ingredient name="foodCanSham" count="1"/>
	</recipe>
	<recipe name="foodCanPastacooked" count="1" craft_area="campfire" craft_time="12" tags="perkMasterChef">
		<ingredient name="foodCanPasta" count="1"/>
	</recipe>
	<recipe name="foodCanSalmoncooked" count="1" craft_area="campfire" craft_time="12" tags="perkMasterChef">
		<ingredient name="foodCanSalmon" count="1"/>
	</recipe>
	<recipe name="foodCanMisocooked" count="1" craft_area="campfire" craft_time="12" tags="perkMasterChef">
		<ingredient name="foodCanMiso" count="1"/>
	</recipe>
	<recipe name="foodCanPeascooked" count="1" craft_area="campfire" craft_time="12" tags="perkMasterChef">
		<ingredient name="foodCanPeas" count="1"/>
	</recipe>
	<recipe name="foodCanPearscooked" count="1" craft_area="campfire" craft_time="12" tags="perkMasterChef">
		<ingredient name="foodCanPears" count="1"/>
	</recipe>
	<recipe name="foodCanSoupcooked" count="1" craft_area="campfire" craft_time="12" tags="perkMasterChef">
		<ingredient name="foodCanSoup" count="1"/>
	</recipe>
	<recipe name="foodCanStockcooked" count="1" craft_area="campfire" craft_time="12" tags="perkMasterChef">
		<ingredient name="foodCanStock" count="1"/>
	</recipe>
	<recipe name="foodCanCarrotscooked" count="1" craft_area="campfire" craft_time="12" tags="perkMasterChef">
		<ingredient name="foodCanCarrots" count="1"/>
	</recipe>
	
	<!-- *** new food recipes *** -->
	<recipe name="foodChickenStew" count="1" craft_area="campfire" craft_tool="toolCookingPot" tags="perkMasterChef,learnable">
		<ingredient name="foodCanChicken" count="2"/>
		<ingredient name="foodCanSoup" count="1"/>
		<ingredient name="foodCropPotato" count="2"/>
		<ingredient name="foodCropCorn" count="2"/>
		<ingredient name="foodCanCarrots" count="2"/>
		<effect_group>
			<passive_effect name="CraftingIngredientCount" level="4,5" operation="base_add" value="-1" tags="foodCanChicken"/>
		</effect_group>
	</recipe>
	<recipe name="foodChickenMiso" count="1" craft_area="campfire" craft_tool="toolCookingPot" tags="perkMasterChef,learnable">
		<ingredient name="foodCanChicken" count="2"/>
		<ingredient name="foodCanStock" count="1"/>
		<ingredient name="foodCanMiso" count="1"/>
		<ingredient name="foodEggBoiled" count="1"/>
		<ingredient name="foodCropMushrooms" count="2"/>
		<effect_group>
			<passive_effect name="CraftingIngredientCount" level="4,5" operation="base_add" value="-1" tags="foodCanChicken"/>
		</effect_group>
	</recipe>
	<recipe name="foodHoboStew" count="1"  craft_time="65" craft_area="campfire" craft_tool="toolCookingPot" tags="perkMasterChef,learnable">
		<ingredient name="foodRottingFlesh" count="10"/>
		<ingredient name="foodCanCatfood" count="2"/>			
		<ingredient name="foodCropPotato" count="2"/>
		<ingredient name="foodCanCarrots" count="2"/>
		<ingredient name="resourceAnimalFat" count="1"/>
		<ingredient name="drinkJarBoiledWater" count="1"/>
		<effect_group>
			<passive_effect name="CraftingIngredientCount" level="1,3" operation="base_add" value="-2,-4" tags="foodRottingFlesh"/>
		</effect_group>
	</recipe>
	<recipe name="foodMeatStew" count="1" craft_area="campfire" craft_tool="toolCookingPot" tags="perkMasterChef,learnable">
		<ingredient name="foodRawMeat" count="5"/>
		<ingredient name="foodCanCarrots" count="2"/>
		<ingredient name="foodCropCorn" count="2"/>
		<ingredient name="resourceAnimalFat" count="1"/>
		<ingredient name="drinkJarBoiledWater" count="1"/>
		<effect_group>
			<passive_effect name="CraftingIngredientCount" level="1,3" operation="base_add" value="-1,-2" tags="foodRawMeat"/>
		</effect_group>
	</recipe>
	<recipe name="foodScrambledEggs" count="1" craft_area="campfire" craft_tool="toolCookingPot" tags="perkMasterChef">
		<ingredient name="foodEgg" count="4"/>		
		<effect_group>
			<passive_effect name="CraftingIngredientCount" level="1,3" operation="base_add" value="-1,-2" tags="foodEgg"/>
		</effect_group>
	</recipe>
	<recipe name="foodShamChowder" count="1" craft_area="campfire" craft_tool="toolCookingPot" tags="perkMasterChef,learnable">
		<ingredient name="foodShamSandwich" count="4"/>
		<ingredient name="foodCropPotato" count="2"/>
		<ingredient name="foodCropCorn" count="2"/>
		<ingredient name="drinkJarBoiledWater" count="1"/>
	</recipe>
	<recipe name="foodShepardsPie" count="1" craft_area="campfire" craft_tool="toolCookingPot" tags="perkMasterChef,learnable">
		<ingredient name="foodCanLamb" count="1"/>
		<ingredient name="foodCanPeas" count="1"/>
		<ingredient name="foodCanCarrots" count="1"/>
		<ingredient name="resourceAnimalFat" count="3"/>
		<ingredient name="foodCropPotato" count="1"/>
		<effect_group>
			<passive_effect name="CraftingIngredientCount" level="1,3" operation="base_add" value="-1,-2" tags="resourceAnimalFat"/>
		</effect_group>
	</recipe>
	<recipe name="foodVegetableStew" count="1" craft_area="campfire" craft_tool="toolCookingPot" tags="perkMasterChef,learnable">
		<ingredient name="foodCropPotato" count="2"/>
		<ingredient name="foodCanPeas" count="2"/>
		<ingredient name="foodCanCarrots" count="2"/>
		<ingredient name="foodCanStock" count="1"/>
	</recipe>

	<!-- *** MegaCrush recipe *** -->
	<recipe name="drinkCanMegaCrush" count="1" craft_area="campfire" craft_tool="toolBeaker" craft_time="60" tags="perkMasterChef,learnable">
		<ingredient name="drinkJarPureMineralWater" count="1"/>
		<ingredient name="foodHoney" count="5"/>
		<ingredient name="drugSteroids" count="3"/>			
	</recipe>
	<recipe name="drinkCanMegaCrush" count="1" craft_area="chemistryStation" craft_time="45" tags="perkMasterChef,learnable,chemStationCrafting">
		<ingredient name="drinkJarPureMineralWater" count="1"/>
		<ingredient name="foodHoney" count="3"/>
		<ingredient name="drugSteroids" count="1"/>			
	</recipe>
	
	<!-- *** acid can be stripped from batteries in a workbench *** -->
	<recipe name="resourceAcid" count="1" craft_area="workbench" tags="perkAdvancedEngineering,learnable,workbenchCrafting" craft_time="1800">
		<ingredient name="carBattery" count="1"/>
	</recipe>
	
	<!-- *** weapon/tool/armour specific repair kits *** -->
	<recipe name="HandgunRepairKit" count="1">
		<ingredient name="gunHandgunT1PistolParts" count="1"/>
		<ingredient name="resourceForgedIron" count="2"/>
		<ingredient name="resourceDuctTape" count="2"/>
		<ingredient name="resourceMechanicalParts" count="2"/>
		<ingredient name="resourceOil" count="2"/>
	</recipe>
	<recipe name="ShotgunRepairKit" count="1">
		<ingredient name="gunShotgunT1DoubleBarrelParts" count="1"/>
		<ingredient name="resourceForgedIron" count="2"/>
		<ingredient name="resourceDuctTape" count="2"/>
		<ingredient name="resourceMechanicalParts" count="2"/>
		<ingredient name="resourceOil" count="2"/>
	</recipe>
	<recipe name="MachinegunRepairKit" count="1">
		<ingredient name="gunMGT1AK47Parts" count="1"/>
		<ingredient name="resourceForgedIron" count="2"/>
		<ingredient name="resourceDuctTape" count="2"/>
		<ingredient name="resourceMechanicalParts" count="2"/>
		<ingredient name="resourceOil" count="2"/>
	</recipe>
	<recipe name="RifleRepairKit" count="1">
		<ingredient name="gunRifleT1HuntingRifleParts" count="1"/>
		<ingredient name="resourceForgedIron" count="2"/>
		<ingredient name="resourceDuctTape" count="2"/>
		<ingredient name="resourceMechanicalParts" count="2"/>
		<ingredient name="resourceOil" count="2"/>
	</recipe>
	<recipe name="RobotRepairKit" count="1">
		<ingredient name="gunBotRoboticsParts" count="1"/>
		<ingredient name="resourceForgedIron" count="2"/>
		<ingredient name="resourceDuctTape" count="2"/>
		<ingredient name="resourceMechanicalParts" count="2"/>
		<ingredient name="resourceOil" count="2"/>
	</recipe>
	<recipe name="BowRepairKit" count="1">
		<ingredient name="gunBowT1WoodenBowParts" count="1"/>
		<ingredient name="resourceForgedIron" count="2"/>
		<ingredient name="resourceDuctTape" count="2"/>
		<ingredient name="resourceMechanicalParts" count="2"/>
		<ingredient name="resourceOil" count="2"/>
	</recipe>
	<recipe name="StunBatonRepairKit" count="1">
		<ingredient name="meleeWpnBatonT2StunBatonParts" count="1"/>
		<ingredient name="resourceForgedIron" count="2"/>
		<ingredient name="resourceDuctTape" count="2"/>
		<ingredient name="resourceMechanicalParts" count="2"/>
		<ingredient name="resourceOil" count="2"/>
	</recipe>
	<recipe name="KnucklesRepairKit" count="1">
		<ingredient name="meleeWpnKnucklesT3SteelKnucklesParts" count="1"/>
		<ingredient name="resourceForgedIron" count="2"/>
		<ingredient name="resourceDuctTape" count="2"/>
		<ingredient name="resourceMechanicalParts" count="2"/>
		<ingredient name="resourceOil" count="2"/>
	</recipe>
	<recipe name="ClubRepairKit" count="1">
		<ingredient name="meleeWpnClubT3SteelClubParts" count="1"/>
		<ingredient name="resourceForgedIron" count="2"/>
		<ingredient name="resourceDuctTape" count="2"/>
		<ingredient name="resourceMechanicalParts" count="2"/>
		<ingredient name="resourceOil" count="2"/>
	</recipe>
	<recipe name="SledgehammerRepairKit" count="1">
		<ingredient name="meleeWpnSledgeT3SteelSledgehammerParts" count="1"/>
		<ingredient name="resourceForgedIron" count="2"/>
		<ingredient name="resourceDuctTape" count="2"/>
		<ingredient name="resourceMechanicalParts" count="2"/>
		<ingredient name="resourceOil" count="2"/>
	</recipe>
	<recipe name="MacheteRepairKit" count="1">
		<ingredient name="meleeWpnBladeT3MacheteParts" count="1"/>
		<ingredient name="resourceForgedIron" count="2"/>
		<ingredient name="resourceDuctTape" count="2"/>
		<ingredient name="resourceMechanicalParts" count="2"/>
		<ingredient name="resourceOil" count="2"/>
	</recipe>
	<recipe name="SpearRepairKit" count="1">
		<ingredient name="meleeWpnSpearT3SteelSpearParts" count="1"/>
		<ingredient name="resourceForgedIron" count="2"/>
		<ingredient name="resourceDuctTape" count="2"/>
		<ingredient name="resourceMechanicalParts" count="2"/>
		<ingredient name="resourceOil" count="2"/>
	</recipe>
	<recipe name="RocketLauncherRepairKit" count="1">
		<ingredient name="gunExplosivesT3RocketLauncherParts" count="1"/>
		<ingredient name="resourceForgedIron" count="2"/>
		<ingredient name="resourceDuctTape" count="2"/>
		<ingredient name="resourceMechanicalParts" count="2"/>
		<ingredient name="resourceOil" count="2"/>
	</recipe>
	<recipe name="SteelToolRepairKit" count="1">
		<ingredient name="meleeToolAllSteelParts" count="1"/>
		<ingredient name="resourceForgedIron" count="2"/>
		<ingredient name="resourceDuctTape" count="2"/>
		<ingredient name="resourceMechanicalParts" count="2"/>
		<ingredient name="resourceOil" count="2"/>
	</recipe>
	<recipe name="MotorToolRepairKit" count="1">
		<ingredient name="meleeToolAxeT3ChainsawParts" count="1"/>
		<ingredient name="resourceForgedIron" count="2"/>
		<ingredient name="resourceDuctTape" count="2"/>
		<ingredient name="resourceMechanicalParts" count="2"/>
		<ingredient name="resourceOil" count="2"/>
	</recipe>
	<recipe name="MilitaryArmourRepairKit" count="1">
		<ingredient name="armorMilitarySetParts" count="1"/>
		<ingredient name="resourceForgedIron" count="2"/>
		<ingredient name="resourceDuctTape" count="2"/>
		<ingredient name="resourceMechanicalParts" count="2"/>
		<ingredient name="resourceOil" count="2"/>
	</recipe>
	<recipe name="SteelArmourRepairKit" count="1">
		<ingredient name="armorSteelSetParts" count="1"/>
		<ingredient name="resourceForgedIron" count="2"/>
		<ingredient name="resourceDuctTape" count="2"/>
		<ingredient name="resourceMechanicalParts" count="2"/>
		<ingredient name="resourceOil" count="2"/>
	</recipe>
	</append>
	
	<!-- *** adds eggs to paint recipe *** -->
	<append xpath="//recipe[@name='resourcePaint']">
	<ingredient name="foodEgg" count="4"/>
	</append>
	
	<!-- *** more uses for honey in food *** -->
		<append xpath="//recipe[@name='foodBlueberryPie']">
		<ingredient name="foodHoney" count="1"/>
		</append>
		<append xpath="//recipe[@name='foodPumpkinPie']">
		<ingredient name="foodHoney" count="1"/>
		</append>
		<append xpath="//recipe[@name='foodPumpkinCheesecake']">
		<ingredient name="foodHoney" count="1"/>
		</append>
	
	<!-- *** can of pears added to fruit smoothie *** -->
	<insertAfter xpath="/recipes/recipe[@name='drinkYuccaJuiceSmoothie']//ingredient[1]">
		<ingredient name="foodCanPears" count="1"/>
	</insertAfter>
	
	<!-- *** animal fat added to bacon and egg recipe *** -->
	<insertAfter xpath="/recipes/recipe[@name='foodBaconAndEggs']//ingredient[2]">
		<ingredient name="resourceAnimalFat" count="1"/>
	</insertAfter>
	
	<!-- *** hobostew recipe changes *** -->
	<set xpath="/recipes/recipe[@name='foodHoboStew']//ingredient[@name='foodRottingFlesh']/@count">12</set>
	<insertAfter xpath="/recipes/recipe[@name='foodHoboStew']//ingredient[@name='foodRottingFlesh']">
		<ingredient name="foodCanCatfood" count="1"/>
	</insertAfter>
	
	<!-- *** triple pocket armour mod no longer craftable *** -->
	<remove xpath="/recipes/recipe[@name='modArmorTripleStoragePocket']"/>

	<!-- *** increased crafting costs (25%) *** -->
	<set xpath="//recipe/ingredient[@count='2400']/@count">3000</set>
	<!-- <set xpath="//recipe[not (contains(@name,'ammoGasCanBundle'))]/ingredient[@count='2000']/@count">2500</set> -->
	<set xpath="//recipe/ingredient[@count='1200']/@count">1500</set>
	<set xpath="//recipe/ingredient[@count='900']/@count">1125</set>
	<set xpath="//recipe/ingredient[@count='800']/@count">1000</set>
	<!-- <set xpath="//recipe/ingredient[@count='600']/@count">750</set> -->
	<set xpath="//recipe/ingredient[@count='500']/@count">625</set>
	<set xpath="//recipe/ingredient[@count='480']/@count">600</set>
	<set xpath="//recipe/ingredient[@count='400']/@count">500</set>
	<set xpath="//recipe/ingredient[@count='360']/@count">450</set>
	<set xpath="//recipe/ingredient[@count='320']/@count">400</set>
	<set xpath="//recipe/ingredient[@count='300']/@count">375</set>
	<set xpath="//recipe/ingredient[@count='250']/@count">312</set>
	<set xpath="//recipe/ingredient[@count='240']/@count">300</set>
	<set xpath="//recipe/ingredient[@count='200']/@count">250</set>
	<set xpath="//recipe/ingredient[@count='180']/@count">225</set>
	<set xpath="//recipe/ingredient[@count='160']/@count">200</set>
	<set xpath="//recipe/ingredient[@count='125']/@count">156</set>
	<set xpath="//recipe/ingredient[@count='120']/@count">150</set>
	<!-- <set xpath="//recipe/ingredient[@count='110']/@count">137</set> -->
	<set xpath="//recipe/ingredient[@count='100']/@count">125</set>
	<set xpath="//recipe/ingredient[@count='80']/@count">120</set>
	<set xpath="//recipe/ingredient[@count='60']/@count">75</set>
	<set xpath="//recipe/ingredient[@count='50']/@count">62</set>
	<set xpath="//recipe/ingredient[@count='40']/@count">50</set>
	<set xpath="//recipe/ingredient[@count='35']/@count">44</set>
	<set xpath="//recipe/ingredient[@count='33']/@count">41</set>
	<set xpath="//recipe/ingredient[@count='30']/@count">37</set>
	<set xpath="//recipe/ingredient[@count='25']/@count">31</set>
	<set xpath="//recipe/ingredient[@count='24']/@count">30</set>
	<set xpath="//recipe/ingredient[@count='20']/@count">25</set>
	<set xpath="//recipe/ingredient[@count='18']/@count">22</set>
	<set xpath="//recipe/ingredient[@count='17']/@count">21</set>
	<set xpath="//recipe/ingredient[@count='16']/@count">20</set>
	<set xpath="//recipe/ingredient[@count='15']/@count">18</set>
	<set xpath="//recipe/ingredient[@count='14']/@count">17</set>
	<set xpath="//recipe/ingredient[@count='12']/@count">15</set>
	<set xpath="//recipe/ingredient[@count='11']/@count">14</set>
	<set xpath="//recipe/ingredient[@count='10']/@count">12</set>
	<set xpath="//recipe/ingredient[@count='9']/@count">11</set>
	<set xpath="//recipe/ingredient[@count='8']/@count">10</set>
	<set xpath="//recipe/ingredient[@count='7']/@count">9</set>
	<set xpath="//recipe/ingredient[@count='6']/@count">8</set>
	<set xpath="//recipe/ingredient[@count='5']/@count">6</set>
	<set xpath="//recipe/ingredient[@count='4']/@count">5</set>
	<set xpath="//recipe/ingredient[@count='3']/@count">4</set>
	
	<!-- *** new vehicle bundles *** -->
	<remove xpath="//recipe[@name='vehicle4x4TruckPlaceable']"/>
	<remove xpath="//recipe[@name='vehicleGyrocopterPlaceable']"/>
	<remove xpath="//recipe[@name='vehicleMinibikePlaceable']"/>
	<remove xpath="//recipe[@name='vehicleMotorcyclePlaceable']"/>
	<insertafter xpath="//recipe[@name='vaultDoor01Double_Powered']">
		<recipe name="4x4Bundle" count="1" craft_time="1050" craft_area="workbench" craft_tool="meleeToolSalvageT3ImpactDriver" tags="workbenchCrafting">
			<ingredient name="vehicleWheels" count="4"/>
			<ingredient name="vehicle4x4TruckChassis" count="1"/>
			<ingredient name="vehicle4x4TruckAccessories" count="1"/>
			<ingredient name="smallEngine" count="1"/>
			<ingredient name="carBattery" count="1"/>
		</recipe>
		<recipe name="GyroBundle" count="1" craft_time="1350" craft_area="workbench" craft_tool="meleeToolSalvageT3ImpactDriver" tags="workbenchCrafting">
			<ingredient name="vehicleWheels" count="3"/>
			<ingredient name="vehicleGyroCopterChassis" count="1"/>
			<ingredient name="vehicleGyroCopterAccessories" count="1"/>
			<ingredient name="smallEngine" count="1"/>
			<ingredient name="carBattery" count="1"/>
		</recipe>
		<recipe name="MinibikeBundle" count="1" craft_time="450" craft_area="workbench" craft_tool="meleeToolSalvageT2Ratchet" tags="workbenchCrafting">
			<ingredient name="vehicleWheels" count="2"/>
			<ingredient name="vehicleMinibikeChassis" count="1"/>
			<ingredient name="vehicleMinibikeHandlebars" count="1"/>
			<ingredient name="smallEngine" count="1"/>
			<ingredient name="carBattery" count="1"/>
		</recipe>
		<recipe name="MotorcycleBundle" count="1" craft_time="750" craft_area="workbench" craft_tool="meleeToolSalvageT3ImpactDriver" tags="workbenchCrafting">
			<ingredient name="vehicleWheels" count="2"/>
			<ingredient name="vehicleMotorcycleChassis" count="1"/>
			<ingredient name="vehicleMotorcycleHandlebars" count="1"/>
			<ingredient name="smallEngine" count="1"/>
			<ingredient name="carBattery" count="1"/>
		</recipe>
	</insertafter>
	
	<!-- *** various farming changes, seed crafting count tied to LotL *** -->
	<setattribute xpath="//recipe[starts-with(@name,'planted') and not (contains(@name,'plantedtreeGrassSeed1'))]" name="tags">learnable,perkLivingOffTheLandCrafting</setattribute>
	<set xpath="//recipe[starts-with(@name,'planted')]/ingredient/@count">5</set>
	<insertafter xpath="//recipe[@name='plantedAloe1']/ingredient">
	<effect_group>
      <passive_effect name="CraftingIngredientCount" level="1,2,3" operation="base_add" value="0,-1,-2" tags="resourceCropAloeLeaf"/>
    </effect_group>
	</insertafter>
	<insertafter xpath="//recipe[@name='plantedBlueberry1']/ingredient">
	<effect_group>
      <passive_effect name="CraftingIngredientCount" level="1,2,3" operation="base_add" value="0,-1,-2" tags="foodCropBlueberries"/>
    </effect_group>
	</insertafter>
	<insertafter xpath="//recipe[@name='plantedChrysanthemum1']/ingredient">
	<effect_group>
      <passive_effect name="CraftingIngredientCount" level="1,2,3" operation="base_add" value="0,-1,-2" tags="resourceCropChrysanthemumPlant"/>
    </effect_group>
	</insertafter>
	<insertafter xpath="//recipe[@name='plantedCoffee1']/ingredient">
	<effect_group>
      <passive_effect name="CraftingIngredientCount" level="1,2,3" operation="base_add" value="0,-1,-2" tags="resourceCropCoffeeBeans"/>
    </effect_group>
	</insertafter>
	<insertafter xpath="//recipe[@name='plantedCorn1']/ingredient">
	<effect_group>
      <passive_effect name="CraftingIngredientCount" level="1,2,3" operation="base_add" value="0,-1,-2" tags="foodCropCorn"/>
    </effect_group>
	</insertafter>
	<insertafter xpath="//recipe[@name='plantedCotton1']/ingredient">
	<effect_group>
      <passive_effect name="CraftingIngredientCount" level="1,2,3" operation="base_add" value="0,-1,-2" tags="resourceCropCottonPlant"/>
    </effect_group>
	</insertafter>
	<insertafter xpath="//recipe[@name='plantedGoldenrod1']/ingredient">
	<effect_group>
      <passive_effect name="CraftingIngredientCount" level="1,2,3" operation="base_add" value="0,-1,-2" tags="resourceCropGoldenrodPlant"/>
    </effect_group>
	</insertafter>
	<insertafter xpath="//recipe[@name='plantedGraceCorn1']/ingredient">
	<effect_group>
      <passive_effect name="CraftingIngredientCount" level="1,2,3" operation="base_add" value="0,-1,-2" tags="foodCropGraceCorn"/>
    </effect_group>
	</insertafter>
	<insertafter xpath="//recipe[@name='plantedHop1']/ingredient">
	<effect_group>
      <passive_effect name="CraftingIngredientCount" level="1,2,3" operation="base_add" value="0,-1,-2" tags="resourceCropHopsFlower"/>
    </effect_group>
	</insertafter>
	<insertafter xpath="//recipe[@name='plantedMushroom1']/ingredient">
	<effect_group>
      <passive_effect name="CraftingIngredientCount" level="1,2,3" operation="base_add" value="0,-1,-2" tags="foodCropMushrooms"/>
    </effect_group>
	</insertafter>
	<insertafter xpath="//recipe[@name='plantedPotato1']/ingredient">
	<effect_group>
      <passive_effect name="CraftingIngredientCount" level="1,2,3" operation="base_add" value="0,-1,-2" tags="foodCropPotato"/>
    </effect_group>
	</insertafter>
	<insertafter xpath="//recipe[@name='plantedYucca1']/ingredient">
	<effect_group>
      <passive_effect name="CraftingIngredientCount" level="1,2,3" operation="base_add" value="0,-1,-2" tags="foodCropYuccaFruit"/>
    </effect_group>
	</insertafter>
	<insertafter xpath="//recipe[@name='plantedPumpkin1']/ingredient">
	<effect_group>
      <passive_effect name="CraftingIngredientCount" level="1,2,3" operation="base_add" value="0,-1,-2" tags="foodCropPumpkin"/>
    </effect_group>
	</insertafter>	
	
	<!-- <set xpath="//recipe/ingredient[contains(@name,'Parts')]/@count">2</set> -->
	
	<!-- *** concrete requires water to craft, in batches of 250 *** -->
	<insertAfter xpath="/recipes/recipe[@name='resourceConcreteMix']//ingredient[3]">
		<ingredient name="bucketRiverWater" count="1"/>
	</insertAfter>
	<set xpath="//recipe[@name='resourceConcreteMix']/@count">250</set>
	<set xpath="//recipe[@name='resourceConcreteMix']//ingredient[1]/@count">250</set>
	<set xpath="//recipe[@name='resourceConcreteMix']//ingredient[2]/@count">250</set>
	<set xpath="//recipe[@name='resourceConcreteMix']//ingredient[3]/@count">250</set>
	
</configs>


<!-- craft_tool="toolForgeCrucible"> -->