<config>
	<append xpath="/controls">
		<snarecollector_stack controller="DewCollectorStack" on_scroll="false" allow_dropping="true" prefix_id="false" show_favorites="false">
		<rect controller="DewCollectorStack" style="itemStack, hover" collider_scale="1.0" on_scroll="${on_scroll}" allow_dropping="${allow_dropping}" prefix_id="${prefix_id}" show_favorites="${show_favorites}" tooltip="{tooltip}" >
			<sprite depth="2" name="backgroundMain" sprite="menu_empty3px" pos="-3,3" width="78" height="78" color="[black]" type="sliced" fillcenter="false" />
			<sprite depth="3" name="background" sprite="menu_empty3px" width="73" height="73" color="{selectionbordercolor}" type="sliced" globalopacity="true" fillcenter="false"/>
			<sprite depth="2" name="highlightOverlay" width="72" height="72" color="{backgroundcolor}" pos="0,0" type="sliced" globalopacity="true"/>

			<texture depth="3" name="backgroundTexture" material="Materials/Transparent Colored" size="73,73" globalopacity="true"/>
			<sprite depth="8" name="favoriteIcon" width="24" height="24" sprite="server_favorite" pos="2,-2" foregroundlayer="true" visible="{isfavorite}"/>
			<sprite depth="6" name="itemIcon" width="64" height="64" atlas="{itematlas}" sprite="{itemicon}" pos="35,-35" pivot="center" foregroundlayer="true" color="{iconcolor}" visible="{showitem}" />
			<sprite depth="6" name="fillIcon" width="40" height="40" sprite="ui_game_symbol_tracking_chicken" pos="35,-35" pivot="center" foregroundlayer="true" color="[darkGrey]" visible="{showempty}" />
			
			<sprite depth="3" name="durabilityBackground" width="70" height="10" sprite="menu_empty3px" color="[darkGrey]" type="sliced" pos="1, -60" foregroundlayer="true" visible="{hasdurability}" />
			<filledsprite depth="4" name="durability" width="70" height="10" sprite="menu_empty2px" color="{durabilitycolor}" fill="{durabilityfill}" type="filled" pos="1, -60" foregroundlayer="true" visible="{hasdurability}" />

			<sprite depth="5" name="disabledOverlay" width="72" height="72" color="[darkGrey_half_alpha]" pos="1,-1" type="sliced" visible="false"/>

			<label depth="7" name="stackValue" pos="-2,-45" width="70" height="28" text="{itemcount}" font_size="26" effect="outline" justify="{#hasdurability ? 'Center' : 'Right'}" />
			<label depth="7" name="timer" pos="35,-38" width="70" height="24" font_size="24" justify="center" pivot="center" effect="outline" color="[beige]"/>
			<sprite depth="9" name="cancel" sprite="ui_game_symbol_x" width="70" height="70" color="255,0,0,255" type="sliced" visible="false" foregroundlayer="true"/>
			<sprite depth="13" name="assembleIcon" size="40,40" sprite="{stacklockicon}" color="{stacklockcolor}" visible="{isassemblelocked}" pos="14,-14" foregroundlayer="true" />
			
			<rect pos="66, 0" width="64" height="74" visible="{hasfill}">
				<sprite width="6" height="73" depth="3" pos="1,0" color="[darkGrey]" globalopacity="false" type="sliced" />
				<filledsprite depth="5" pos="1,1" width="6" name="BarContent" color="{fillcolor}" globalopacity="false" type="filled" fill="{waterfill}" filldirection="Vertical" />
			</rect>
		</rect>
	</snarecollector_stack>
	</append>
</config>