<config>
<append xpath="/windows">
	<window name="windowToolsAnimalSnare" width="156" height="121" panel="Right" cursor_area="true" >
		<panel style="header.panel">
			<sprite style="header.icon" sprite="ui_game_symbol_wrench"/>
			<label style="header.name" text="MODIFIERS" text_key="idcXuiModifiers" />
		</panel>

		<rect name="content" depth="0" pos="0,-46" height="75" disablefallthrough="true">
			<grid name="inventory" rows="1" cols="2" pos="3,-3" cell_width="75" cell_height="75" controller="PassiveCollectorToolGrid, IDCCoreV2" repeat_content="true"
			required_tools="idcUpgradedStorage,plantedGraceCorn1" required_tools_only="true">
				<item_stack controller="RequiredItemStack" name="0"/>
			</grid>
		</rect>

	</window>
	
	<window name="windowAnimalSnare" width="{windowWidth}" height="378" controller="PassiveCollectorWindow, IDCCoreV2" panel="Left" anchor_side="bottomright" visible="false" cursor_area="true" >
		<panel name="header" height="43" depth="0" disableautobackground="true" anchor_left="queue,0,-3" anchor_right="queue,1,0" >
			<sprite depth="1" name="headerbackground" sprite="ui_game_panel_header" anchor_left="queue,0,-3" anchor_right="queue,1,0" />
			<sprite depth="3" name="windowIcon" style="icon32px" pivot="center" pos="21,-21" sprite="ui_game_symbol_loot_sack" />
			<label depth="2" name="lootName" pos="39,-6" width="180" height="32" text_key="idcXuiAnimalSnare" font_size="32" />
			
			<rect anchor_left="queue,1,-300" anchor_right="queue,1,0" pivot="topleft" pos="0,0" controller="ContainerStandardControls" createuiwidget="true" visible="false"></rect>
		</panel>
		<rect name="content" pos="3,-49" >
			<sprite depth="0" name="bg" color="255,255,255,1" type="sliced" sprite="menu_empty" anchor_left="queue,0,-3" anchor_bottom="queue,0,0" anchor_right="queue,1,0" anchor_top="queue,1,49" on_press="true" />
			<grid depth="12" name="queue" rows="5" cols="5" cell_width="75" cell_height="75" repeat_content="true" controller="PassiveCollectorContainer, IDCCoreV2" required_item="drinkJarEmpty">
				<snarecollector_stack controller="DewCollectorStack" override_stack_count="1" name="0"/>
			</grid>
		</rect>
	</window>
	
	<window name="idcWindowSnareFuel" width="96" height="166" panel="Right" cursor_area="true">
		<panel style="header.panel">
			<sprite style="header.icon" sprite="ui_game_symbol_animal_tracker"/>
			<label style="header.name" text="BAIT" text_key="idcXuiBaitSnare" />
		</panel>

		<rect name="content" depth="0" pos="0,-46" height="79" >
			<rect disablefallthrough="true">
				<grid rows="1" cols="1" pos="3,-3" cell_width="75" cell_height="75" controller="PassiveCollectorFuelStackGrid, IDCCoreV2" repeat_content="true">
					<item_stack name="0"/>
				</grid>
			</rect>
			<grid name="slot_preview" depth="1" rows="1" cols="3" pos="3,-3" cell_width="75" cell_height="75" controller="SlotPreview">
				<rect>
					<sprite name="slot" depth="2" width="64" height="64" sprite="plantedCorn1" atlas="ItemIconAtlasGreyscale" pos="35,-35" pivot="center" foregroundlayer="true"/>
				</rect>
			</grid>
		</rect>
	</window>
</append>
</config>