<config>
	<append xpath="/controls">
		<recipe_output_header>
			<rect name="header" width="447" height="50">
				<rect depth="2" width="65" height="48">
					<sprite depth="2" name="backgroundMain" sprite="menu_empty3px" pos="-3,3" width="71" height="53" color="[black]" type="sliced" fillcenter="false"/>
					<sprite color="[darkGrey]" type="sliced"/>
					<label depth="3" text="ITEM" text_key="lblitem" pos="32,-23" height="26" font_size="26" justify="center" pivot="center"/>
				</rect>
				<rect depth="2" width="236" height="48" pos="68,0">
					<sprite depth="2" name="backgroundMain" sprite="menu_empty3px" pos="-3,3" width="242" height="53" color="[black]" type="sliced" fillcenter="false"/>
					<sprite color="[darkGrey]" type="sliced"/>
					<label depth="3" text="NAME" text_key="mmTextName" pos="117,-23" width="230" height="26" font_size="26" justify="center" pivot="center"/>
				</rect>
				<rect depth="2" width="140" height="48" pos="307,0">
					<sprite depth="2" name="backgroundMain" sprite="menu_empty3px" pos="-3,3" width="146" height="53" color="[black]" type="sliced" fillcenter="false"/>
					<sprite color="[darkGrey]" type="sliced"/>
					<label depth="3" text="COUNT" text_key="idcXuiCount" pos="70,-23" width="64" height="26" font_size="26" justify="center" pivot="center"/>
				</rect>
			</rect>
		</recipe_output_header>
		<recipe_output_row>
		<rect name="row" width="447" height="50" controller="IDC_Core.RecipeOutputEntry,IDCCoreV2">
			<rect depth="2" width="65" height="48">
				<sprite depth="2" name="backgroundMain" sprite="menu_empty3px" pos="-3,2" width="71" height="53" color="[black]" type="sliced" fillcenter="false" />

				<sprite color="[lightGrey]" type="sliced" />
				<sprite depth="2" name="icon" width="40" height="40" atlas="ItemIconAtlas" sprite="{itemicon}" color="{itemicontint}" pos="30,-22" pivot="center" foregroundlayer="true"/>
			</rect>
			<rect depth="2" width="236" height="48" pos="68,0">
				<sprite depth="2" name="backgroundMain" sprite="menu_empty3px" pos="-3,2" width="242" height="53" color="[black]" type="sliced" fillcenter="false" />
				<sprite color="[lightGrey]" type="sliced" />
				<label depth="3" name="name" pos="117,-23" width="230" height="26" font_size="26" color="[labelColor]" justify="center" pivot="center" text="{name}"/>
			</rect>
			<rect depth="2" width="140" height="48" pos="307,0">
				<sprite depth="2" name="backgroundMain" sprite="menu_empty3px" pos="-3,2" width="146" height="53" color="[black]" type="sliced" fillcenter="false" />
				<sprite color="[lightGrey]" type="sliced" />
				<label depth="3" name="count" pos="70,-23" width="120" height="26" font_size="26" color="[labelColor]" justify="center" pivot="center" text="{count}"/>
			</rect>
			</rect>
		</recipe_output_row>
	</append>
</config>