<config>
	<append xpath="/blocks">
		<block name="ctnChickenCoop">
			<property name="CustomIcon" value="ChickenCoop"/>
			<property name="Class" value="PassiveCollector, IDCCoreV2"/>
			<!-- <property name="UnlockedBy" value="craftingWorkstations"/> -->
			<property name="WorkstationIcon" value="ui_game_symbol_water"/>
			<property name="CreativeMode" value="Player"/>
			<property name="DescriptionKey" value="ctnChickenCoopDesc"/>
			<property name="Material" value="Mwood"/>
			<property name="Shape" value="ModelEntity"/>
			<property name="Model" value="#@modfolder:Resources/ChickenCoop.unity3d?ChickenCoop"/>
			<property name="ModelOffset" value="0,0,0"/>
			<property name="MultiBlockDim" value="4,2,2"/>
			<property name="ImposterExchange" value="imposterBlock" param1="116"/>
			<property name="WaterFlow" value="permitted"/>
			<property name="Place" value="TowardsPlacerInverted"/>
			<property name="RestrictSubmergedPlacement" value="true"/>
			<property name="AllowedRotations" value="Basic90"/>
			<property name="Path" value="solid"/>
			<property name="IsDecoration" value="true"/>
			<property name="StabilitySupport" value="false"/>
			<property name="OpenSound" value="door_wood_roughcut_open"/>
			<property name="CloseSound" value="door_wood_roughcut_close"/>
			<property name="ConvertSound" value="chickenpain,1"/>
			<property name="MinConvertTime" value="11000"/>
			<property name="MaxConvertTime" value="15000"/>
			<property name="EconomicValue" value="3"/>
			<property name="EconomicBundleSize" value="1"/>
			<property name="SellableToTrader" value="false"/>
			<property name="MaxDamage" value="200"/>
			<property name="HeatMapStrength" value="1"/>
			<property name="HeatMapTime" value="2000"/>
			<property name="HeatMapFrequency" value="5000"/>
			<property class="RepairItems">
				<property name="resourceWood" value="20"/>				
			</property>
			<drop event="Destroy" name="resourceWood" count="15"/>
			<property name="SortOrder1" value="B281"/>
			<property name="SortOrder2" value="0100"/>
			<property name="Group" value="Basics,Food/Cooking,Building,advBuilding"/>
			<property name="Tags" value="workstationSkill,twitch_workstation"/>
			<property name="FilterTags" value="MC_playerBlocks,SC_decor"/>
			<property name="HasModifiers" value="true"/>
			<property name="HasItemConversions" value="true"/>
			<property name="FuelItem" value="fuelChicken"/>
			<property name="NeedsSkyAccess" value="false"/>
			
			<property name="ContColumns" value="3"/>
			<property name="ContRows" value="1"/>
			<property name="NumModifiersSlots" value="1"/>
			
			<item_conversion item="foodEgg" lower_range="1" upper_range="2"/>
			
		</block>		
	</append>
</config>