<config>
	<append xpath="/entitygroups">
		<entitygroup name="scoutZombiesGS1">
		zombieScreamer
	</entitygroup>
		<entitygroup name="scoutZombiesGS50">
		zombieScreamer
		zombieScreamerFeral, 0.2
	</entitygroup>
		<entitygroup name="scoutZombiesGS100">
		zombieScreamer, 0.5
		zombieScreamerFeral, 0.5
	</entitygroup>
		<entitygroup name="scoutZombiesGS200">
		zombieScreamerFeral, 0.5
		zombieScreamerRadiated, 0.5
	</entitygroup>
		<entitygroup name="scoutZombiesGS300">
		zombieScreamerFeral, 0.4
		zombieScreamerRadiated, 0.7
	</entitygroup>
		<entitygroup name="scoutZombiesGS400">
		zombieScreamerRadiated
	</entitygroup>
		<entitygroup name="scoutZombiesGS500">
		zombieScreamerRadiated
	</entitygroup>
		<entitygroup name="scoutZombiesGS600">
		zombieScreamerRadiated
	</entitygroup>
	</append>
</config>