<config>
	<append xpath="/blocks">
		<block name="cntAdvancedDewCollector">
			<property name="CustomIcon" value="cntDewCollector"/>
			<property name="Class" value="PassiveCollector, IDCCoreV2"/>
			<property name="UnlockedBy" value="craftingWorkstations"/>
			<property name="WorkstationIcon" value="ui_game_symbol_water"/>
			<property name="CreativeMode" value="Player"/>
			<property name="DescriptionKey" value="advancedDewCollectorDesc"/>
			<property name="Material" value="MFuelBarrelPolymer"/>
			<property name="Shape" value="ModelEntity"/>
			<property name="Model" value="Entities/Furniture/collectorDewPrefab"/>
			<property name="MultiBlockDim" value="3,3,3"/>
			<property name="ImposterExchange" value="imposterBlock" param1="116"/>
			<property name="WaterFlow" value="permitted"/>
			<property name="Place" value="TowardsPlacerInverted"/>
			<property name="RestrictSubmergedPlacement" value="true"/>
			<property name="AllowedRotations" value="Basic90"/>
			<property name="Path" value="solid"/>
			<property name="IsDecoration" value="true"/>
			<property name="StabilitySupport" value="false"/>
			<property name="OpenSound" value="open_workbench"/>
			<property name="CloseSound" value="close_workbench"/>
			<property name="ConvertSound" value="bucketfill_water,1"/>
			<!-- changed for testing, change back to 15600 and 26000 when done -->
			<property name="MinConvertTime" value="15600"/>
			<property name="MaxConvertTime" value="26000"/>
			<property name="EconomicValue" value="5"/>
			<property name="EconomicBundleSize" value="1"/>
			<property name="SellableToTrader" value="false"/>
			<property name="MaxDamage" value="200"/>
			<property name="HeatMapStrength" value="2"/>
			<property name="HeatMapTime" value="5000"/>
			<property name="HeatMapFrequency" value="1000"/>
			<property class="RepairItems">
				<property name="resourceScrapPolymers" value="20"/>
				<!-- <property name="resourceForgedIron" value="10"/> -->
			</property>
			<!-- <drop event="Destroy" name="cntAdvancedDewCollector" count="1"/> -->
			<drop event="Harvest" name="resourceScrapPolymers" count="40,60" tag="allHarvest"/>
			<drop event="Harvest" name="resourceMetalPipe" count="1,3" tag="allHarvest"/>
			<drop event="Destroy" name="resourceWaterFilter" count="0,1"/>
			<property name="DestroyFX" value="blockdestroy_cloth,collector_destroy"/>
			<property name="SortOrder1" value="B281"/>
			<property name="SortOrder2" value="0100"/>
			<property name="Group" value="Basics,Food/Cooking,Building,advBuilding"/>
			<property name="Tags" value="workstationSkill,twitch_workstation"/>
			<property name="FilterTags" value="MC_playerBlocks,SC_decor"/>
			
			<property name="HasModifiers" value="true"/>
			<property name="HasItemConversions" value="true"/>
			<property name="FuelItem" value="resourceWaterFilter"/>
			
			<property name="ContColumns" value="3"/>
			<property name="ContRows" value="1"/>
			
			<item_conversion item="drinkJarBoiledWater" lower_range="1" upper_range="1"/>
			
			<!-- <modifier name="adcMineralInfuser" effect="ReplaceItem" value="drinkJarBoiledWater" secondary="adcEnhancedWater"/> -->
			<modifier name="adcLargeCatcher" effect="ItemQuantity" value="drinkJarBoiledWater" secondary="2" thirdValue="2"/>
			<!-- <modifier name="adcLargeCatcher" effect="ItemQuantity" value="adcEnhancedWater" secondary="2" thirdValue="2"/> -->
			<modifier name="adcAdvancedFilter" effect="Speed" value="-0.3"/>
			<modifier name="adcBigBarrel" effect="OutputSlots" value="2"/> <!-- Additive effect -->
		</block>
	</append>
</config>