<config>
	<append xpath="/recipes">
		<recipe name="cntAdvancedDewCollector" count="1" craft_time="45" craft_exp_gain="500" tags="learnable,workbenchCrafting">
			<ingredient name="resourceScrapPolymers" count="100"/>
			<ingredient name="resourceMetalPipe" count="4"/>
			<ingredient name="resourceDuctTape" count="4"/>
		</recipe>
		
		<recipe name="cntAdvancedDewCollector" count="1" craft_time="45" craft_area="workbench" craft_exp_gain="500" tags="learnable,workbenchCrafting">
			<ingredient name="resourceScrapPolymers" count="80"/>
			<ingredient name="resourceMetalPipe" count="3"/>
			<ingredient name="resourceDuctTape" count="3"/>
		</recipe>
		
		<recipe name="adcBigBarrel" count="1" craft_time="30" craft_exp_gain="20" craft_area="workbench">
			<ingredient name="resourceWood" count="300"/>
			<ingredient name="resourceForgedIron" count="10"/>
		</recipe>
		
		<recipe name="adcLargeCatcher" count="1" craft_time="45" craft_exp_gain="10" craft_area="workbench">
			<ingredient name="resourceScrapPolymers" count="250"/>
			<ingredient name="resourceDuctTape" count="30"/>
		</recipe>
	</append>
</config>