<configs>
	<set xpath="//window[@name='craftingInfoPanel']//rect[@name='ingredients']">

	<rect depth="2">
		<sprite depth="1" size="65,34" pos="0,0"    color="[darkGrey]"     type="sliced"/>
		<sprite depth="2" size="71,39" pos="-3,3"   color="[black]"        type="sliced"  sprite="menu_empty3px" fillcenter="false"/>
		<label  depth="3" size="65,26" pos="32,-18" color="[labelColor]"   pivot="center" justify="center" font_size="26" text_key="lblitem"/>
	</rect>
	<rect depth="2" pos="68,0">
		<sprite depth="1" size="236,34" pos="0,0"     color="[darkGrey]"   type="sliced"/>
		<sprite depth="2" size="242,39" pos="-3,3"    color="[black]"      type="sliced"  sprite="menu_empty3px" fillcenter="false"/>
		<label  depth="3" size="230,26" pos="117,-18" color="[labelColor]" pivot="center" justify="center" font_size="26" text_key="mmTextName"/>
	</rect>
	<rect depth="2" pos="307,0">
		<sprite depth="1" size="140,34" pos="0,0"    color="[darkGrey]"    type="sliced"/>
		<sprite depth="2" size="146,39" pos="-3,3"   color="[black]"       type="sliced"  sprite="menu_empty3px" fillcenter="false"/>
		<label  depth="3" size="64,26"  pos="70,-18" color="[labelColor]"  pivot="center" justify="center" font_size="26" text_key="lblContextCraftCount"/>
	</rect>
	
	<grid pos="0,-35" rows="6" width="447" height="264" cell_height="44" cell_width="447" controller="IngredientList" arrangement="vertical">
		<ingredient_row_narrow name="1"/>
		<ingredient_row_narrow name="2"/>
		<ingredient_row_narrow name="3"/>
		<ingredient_row_narrow name="4"/>
		<ingredient_row_narrow name="5"/>
		<ingredient_row_narrow name="6"/>
	</grid>
	</set>	
	
	<append xpath="/windows">	
	<!-- *** adds wrench, hammer,ratchet and tablesaw as workbench tools *** -->
	<window name="windowToolsWorkbench" width="228" height="121" panel="Right" cursor_area="true" >
	<!--#$-IGS END.-$#-->
		<panel style="header.panel">
			<sprite style="header.icon" sprite="ui_game_symbol_wrench"/>
			<label style="header.name" text="TOOLS" text_key="xuiTools" />
		</panel>

		<rect name="content" depth="0" pos="0,-46" height="75" disablefallthrough="true">

			<grid name="inventory" rows="2" cols="3" pos="3,-3" cell_width="75" cell_height="75" controller="WorkstationToolGrid" repeat_content="true"
			required_tools="meleeToolSalvageT1Wrench,meleeToolRepairT1ClawHammer,meleeToolSalvageT2Ratchet,meleeToolSalvageT3ImpactDriver,meleeToolRepairT3Nailgun" required_tools_only="true"> <!--,toolTablesaw-->
				<item_stack controller="RequiredItemStack" name="0"/>
			</grid>
		</rect>
	</window>
	
	<window name="windowWorkbenchOutput" width="228" height="198" anchor="CenterTop" panel="Right" cursor_area="true" controller="WorkstationOutputWindow" >
	
		<panel style="header.panel" pos="0,-70">
			<sprite style="header.icon" sprite="ui_game_symbol_loot_sack"/>
			<label style="header.name" text="OUTPUT" text_key="xuiOutput" />
			
			<rect pivot="topleft" pos="0,0" controller="ContainerStandardControls" createuiwidget="true" visible="{buttons_visible}">
				<button   depth="3" name="btnMoveAll"          sprite="ui_game_symbol_store_all_up"     tooltip="{take_all_tooltip}"          pos="203, -22" style="icon32px, press, hover" pivot="center" sound="[paging_click]" />
			</rect>
		</panel>


		<rect name="content" depth="0" pos="0,-116" height="150" disablefallthrough="true" on_press="true">
			<sprite depth="2" name="backgroundMain" sprite="menu_empty3px" height="150" color="[black]" type="sliced" fillcenter="false" on_press="true" />
				<grid depth="10" name="inventory" rows="2" cols="3" pos="3,-3" cell_width="75" cell_height="75" controller="WorkstationOutputGrid" repeat_content="true">
					<item_stack name="0"/>
				</grid>
		</rect>
	</window>
	
	<!-- *** adds fuel to cement mixer *** -->
	<!--#$-IGS BEGIN: Adding cursor area. -$#-->
	<window name="windowMixerFuel" width="228" height="166" panel="Right" cursor_area="true">
	<!--#$-IGS END.-$#-->
		<panel style="header.panel">
			<sprite style="header.icon" sprite="ui_game_symbol_fire"/>
			<label style="header.name" text="FUEL" text_key="xuiFuel" />
			<label style="header.timer"/>
		</panel>

		<rect name="content" depth="0" pos="0,-46" height="79" >
			<rect disablefallthrough="true">
				<grid rows="1" cols="3" pos="3,-3" cell_width="75" cell_height="75" controller="WorkstationFuelGrid" repeat_content="true">
					<item_stack name="0"/>
				</grid>
			</rect>
			<grid name="slot_preview" depth="1" rows="1" cols="3" pos="3,-3" cell_width="75" cell_height="75" controller="SlotPreview">
				<rect>
					<sprite name="slot" depth="2" width="64" height="64" sprite="ammoGasCan" atlas="ItemIconAtlasGreyscale" pos="35,-35" pivot="center" foregroundlayer="true"/>
				</rect>
				<rect>
					<sprite name="slot" depth="2" width="64" height="64" sprite="ammoGasCan" atlas="ItemIconAtlasGreyscale" pos="35,-35" pivot="center" foregroundlayer="true"/>
				</rect>
				<rect>
					<sprite name="slot" depth="2" width="64" height="64" sprite="ammoGasCan" atlas="ItemIconAtlasGreyscale" pos="35,-35" pivot="center" foregroundlayer="true"/>
				</rect>
			</grid>
		</rect>

		<panel name="buttonContent" depth="5" pos="0, -121" height="40" backgroundcolor="[black]" bordercolor="[black]">
			<sprite depth="5" name="backgroundMain" sprite="menu_empty3px" color="[black]" type="sliced" fillcenter="false" />
			<rect depth="1" pos="3,-3" width="225" height="34">
				<button name="button" sprite="menu_empty" defaultcolor="[mediumGrey]" disabledcolor="[mediumGrey]" hoversprite="ui_game_select_row" hovercolor="[white]" type="sliced" width="222"  hoverscale="1.0" />
				<sprite depth="2" name="flameIcon" style="icon32px" pos="5,0" sprite="ui_game_symbol_fire" />
				<label depth="2" name="onoff" pos="0,-6" justify="center" text="TURN ON" text_key="xuiTurnOn" font_size="26" />
			</rect>
		</panel>
	</window>
	
	<!-- *** tablesaw *** -->
	<window name="windowTablesawOutput" width="228" height="198" anchor="CenterTop" panel="Right" cursor_area="true" controller="WorkstationOutputWindow" >
	
		<panel style="header.panel" pos="0,0">
			<sprite style="header.icon" sprite="ui_game_symbol_loot_sack"/>
			<label style="header.name" text="OUTPUT" text_key="xuiOutput" />
			
			<rect pivot="topleft" pos="0,0" controller="ContainerStandardControls" createuiwidget="true" visible="{buttons_visible}">
				<button   depth="3" name="btnMoveAll"          sprite="ui_game_symbol_store_all_up"     tooltip="{take_all_tooltip}"          pos="203, -22" style="icon32px, press, hover" pivot="center" sound="[paging_click]" />
			</rect>
		</panel>


		<rect name="content" depth="0" pos="0,-47" height="150" disablefallthrough="true" on_press="true">
			<sprite depth="2" name="backgroundMain" sprite="menu_empty3px" height="150" color="[black]" type="sliced" fillcenter="false" on_press="true" />
				<grid depth="10" name="inventory" rows="2" cols="3" pos="3,-3" cell_width="75" cell_height="75" controller="WorkstationOutputGrid" repeat_content="true">
					<item_stack name="0"/>
				</grid>
		</rect>
	</window>	
	
	<window name="windowTSCraftingList"  width="397" height="688" controller="CraftingListInfo" panel="Left" cursor_area="true" >
	<!--#$-IGS END.-$#-->

		<panel name="header" height="43" depth="1" backgroundspritename="ui_game_panel_header">
			<sprite pos="4,-5" depth="2" name="windowIcon" style="icon32px" sprite="Craft_Icon_Basics"/>
			<label style="header.name" text="basics" text_key="xuiTSBasics" />

			<!-- <label pos="387, -6" depth="2" name="unlockedCount" width="64" height="32" text="0/65" font_size="32" color="[lightGrey]" justify="right" pivot="topright"/> -->
			<!-- <sprite pos="328, -5" depth="2" name="unlockedIcon" style="icon32px" sprite="ui_game_symbol_book" color="[lightGrey]" pivot="topright"/> -->
		</panel>

		<panel name="content" width="100%" height="650" depth="1" pos="0,-43" on_scroll="true" disableautobackground="true">

			<rect depth="2" name="categorySelector" width="390" height="44" pos="3,-6">
				<sprite name="backgroundMain" sprite="menu_empty3px" pos="-3,3" width="396" height="49" color="[black]" type="sliced" fillcenter="false" />
				<sprite color="[mediumGrey]" type="sliced" />
				<grid name="categories" pos="23,-21" rows="1" cols="9" width="390" height="43" cell_width="43" cell_height="43" repeat_content="true" controller="CategoryList">
					<category_icon />
				</grid>
			</rect>

			<rect depth="3" name="searchControls" width="390" height="44" pos="3,-52">
				<sprite name="backgroundMain" sprite="menu_empty3px" pos="-3,3" width="396" height="49" color="[black]" type="sliced" fillcenter="false" />
				<sprite color="[darkGrey]" type="sliced" />
				<!--#$-IGS BEGIN: Increasing collider scale to improve snap responsiveness -$#-->
				<button depth="4" name="favorites" style="icon30px, press" pos="18,-22" sprite="server_favorite" pivot="center" sound="[paging_click]" tooltip="Favorites" tooltip_key="lblFavorites" collider_scale="1.5" />
				<!--*#$-IGS END.-$#-->

				<!--#$-IGS BEGIN: Disabling an element for console builds. -$#-->
				<panel pos="104,0" width="200" disableautobackground="true">
				<!--*#$-IGS END.-$#-->
					<sprite depth="4" name="searchIcon" style="icon30px" pos="0,-22" sprite="ui_game_symbol_search" pivot="center"/>
					<textfield depth="5" name="searchInput" pos="22,-7" width="140" height="30" virtual_keyboard_prompt="vkPromptSearchTerm" search_field="true" close_group_on_tab="true" clear_button="true" />
				</panel>

				<panel pos="286,0" width="104" height="43" disableautobackground="true">
					<pager name="pager" pos="4,-6" />
				</panel>
			</rect>

			<grid name="recipes" rows="12" cols="1" pos="3,-98" width="390" height="552" cell_width="390" cell_height="46" controller="RecipeList" repeat_content="true" arrangement="vertical" >
				<recipe_entry name="0"/>
			</grid>
		</panel>
	</window>
	</append>

	<!-- *** HUD changes *** -->
	<!-- <set xpath="/windows/window[@name='toolTipPopups']/@pos">0,160</set> -->
	<!-- <set xpath="/windows/window[@name='windowCompass']/@pos">-252,157</set>
	<set xpath="/windows/window[@name='windowCompass']//sprite[3]/@pos">240,51</set>
	<set xpath="/windows/window[@name='windowCompass']/@anchor">CenterBottom</set>
	<set xpath="/windows/window[@name='windowEntering']/rect/@pos">-150,-10</set> -->
	<!-- <set xpath="/windows/window[@name='HUDRightStatBars']/rect[@name='hud']/panel[@width='168']/@disableautobackground">false</set> -->
	
	<remove xpath="/windows/window[@name='HUDLeftStatBars']"/>
	<remove xpath="/windows/window[@name='windowToolbelt']"/>
	
	
	<append xpath="/windows">
	
	<window name="windowToolbelt" width="753" height="78" depth="5" anchor="CenterBottom" pos="-376, 92" backgroundcolor="[black]" controller="ToolbeltWindow" cursor_area="true" xp_fill_speed="2.5" >
	<!--#$-IGS END.-$#-->
			<rect width="171" height="46" pos="-180,-32" controller="HUDStatBar" stat_type="Stamina" visible="{statvisible}">
				<sprite depth="1" name="border" color="0,0,0,128" type="sliced"/>
				<sprite depth="2" name="background" color="0,0,0,140" type="sliced" />

				<filledsprite depth="3" name="background" color="110,110,110,128" width="169" type="filled" fill="{statmodifiedmax}" />

				<filledsprite depth="5" name="BarContent" color="255,255,0,128" width="169" type="filled" fill="0"  />
				<sprite depth="6" name="Icon" atlas="{staticonatlas|once}" sprite="ui_game_symbol_agility" size="35,35" pos="26,-24" pivot="center" foregroundlayer="true"/>
				<label depth="7" name="TextContent" pos="44,-23" font_size="32" color="[white]" justify="center" pivot="left" text="{statcurrentwithmax}" width="125" height="35"/>

				<sprite depth="8" name="border" color="0,0,0,255" type="sliced" fillcenter="false"/>
				<filledsprite depth="8" name="background" color="0,0,0,255" width="171" fillcenter="false" type="filled" fill="{statmodifiedmax}" />
				<filledsprite depth="3" name="background" color="0,0,0,255" width="170" fillcenter="false" type="filled" fill="{statmodifiedmax}" />
			</rect>

			<rect width="171" height="46" pos="-180,14" controller="HUDStatBar" stat_type="Health" visible="{statvisible}">
				<sprite depth="1" name="border" color="0,0,0,128" type="sliced"/>

				<sprite depth="2" name="background" color="0,0,0,140" type="sliced" />
				<filledsprite depth="3" name="background" color="110,110,110,128" width="169" type="filled" fill="{statmodifiedmax}" />

				<filledsprite depth="5" name="BarContent" color="255,0,0,128" width="169" type="filled" fill="0" />
				<sprite depth="6" name="Icon" atlas="{staticonatlas|once}" sprite="{staticon|once}" size="35,35" pos="26,-24" pivot="center" foregroundlayer="true"/>
				<label depth="7" name="TextContent" pos="44,-23" font_size="32" color="[white]" justify="center" pivot="left" text="{statcurrentwithmax}" width="125" height="35"/>

				<sprite depth="8" name="border" color="0,0,0,255" type="sliced" fillcenter="false"/>
				<filledsprite depth="8" name="background" color="0,0,0,255" width="171" fillcenter="false" type="filled" fill="{statmodifiedmax}" />
				<filledsprite depth="3" name="background" color="0,0,0,255" width="170" fillcenter="false" type="filled" fill="{statmodifiedmax}" />
			</rect>

		<rect>
			<sprite depth="8" name="backgroundMain" sprite="menu_empty3px" color="[black]" type="sliced" fillcenter="false" on_press="true" />
			
			<rect pos="3,-3" controller="Toolbelt">
				<grid depth="10" name="inventory" rows="1" cols="10" pos="0,0" cell_width="75" cell_height="75" repeat_content="true">
					<item_stack name="0"/>
				</grid>
				<button depth="3" name="btnClearInventory1" sprite="ui_game_symbol_trash" tooltip_key="lblClearInventory" pos="800, -32" style="icon32px, press, hover" pivot="center" sound="[paging_click]" visible="{creativewindowopen}" />
				<grid depth="10" name="inventory2" rows="1" cols="10" pos="0,82" cell_width="75" cell_height="75" repeat_content="true" visible="{secondrow}">
					<item_stack name="0"/>
				</grid>
				<button depth="3" name="btnClearInventory2" sprite="ui_game_symbol_trash" tooltip_key="lblClearInventory" pos="800, 50" style="icon32px, press, hover" pivot="center" sound="[paging_click]" visible="{# creativewindowopen and secondrow}" />
			</rect>

			<sprite depth="1" pos="0,14" height="16" color="[mediumGrey]" sprite="menu_empty2px" globalopacity="false" type="sliced" />
			<sprite depth="9" pos="0,14" height="16" color="[black]" sprite="menu_empty2px" globalopacity="false" type="sliced" fillcenter="false" />
			<sprite depth="4" pos="0,14" height="16" width="750" color="{xpcolor}" globalopacity="false" type="filled" fill="{xp}" />

			<rect width="171" height="46" pos="764,14" controller="HUDStatBar" stat_type="Food" visible="{statvisible}">
				<sprite depth="1" name="border" color="0,0,0,128" type="sliced"/>

				<sprite depth="2" name="background" color="0,0,0,140" type="sliced" />
				<filledsprite depth="3" name="background" color="110,110,110,128" width="169" type="filled" fill="{statmodifiedmax}" />

				<filledsprite depth="5" name="BarContent" color="0,128,0,128" width="169" type="filled" fill="0" />
				<sprite depth="6" name="Icon" atlas="{staticonatlas|once}" sprite="{staticon|once}" size="35,35" pos="26,-24" pivot="center" foregroundlayer="true"/>
				<label depth="7" name="TextContent" pos="44,-23" font_size="32" color="[white]" justify="center" pivot="left" text="{statcurrentwithmax}" width="125" height="35"/>

				<sprite depth="8" name="border" color="0,0,0,255" type="sliced" fillcenter="false"/>
				<filledsprite depth="8" name="background" color="0,0,0,255" width="171" fillcenter="false" type="filled" fill="{statmodifiedmax}" />
				<filledsprite depth="3" name="background" color="0,0,0,255" width="170" fillcenter="false" type="filled" fill="{statmodifiedmax}" />

				<!-- <filledsprite depth="5" pos="1,0" width="376" name="BarContent" color="0,255,54,128" globalopacity="false" type="filled" fill="0"  /> -->
			</rect>

			<rect width="171" height="46" pos="764,-32" controller="HUDStatBar" stat_type="Water" visible="{statvisible}">
				<sprite depth="1" name="border" color="0,0,0,128" type="sliced"/>
				<sprite depth="2" name="background" color="0,0,0,140" type="sliced" />

				<filledsprite depth="3" name="background" color="110,110,110,128" width="169" type="filled" fill="{statmodifiedmax}" />

				<filledsprite depth="5" name="BarContent" color="64,164,223,150" width="169" type="filled" fill="0"  />
				<sprite depth="6" name="Icon" atlas="{staticonatlas|once}" sprite="ui_game_symbol_water" size="35,35" pos="26,-24" pivot="center" foregroundlayer="true"/>
				<label depth="7" name="TextContent" pos="44,-23" font_size="32" color="[white]" justify="center" pivot="left" text="{statcurrentwithmax}" width="125" height="35"/>

				<sprite depth="8" name="border" color="0,0,0,255" type="sliced" fillcenter="false"/>
				<filledsprite depth="8" name="background" color="0,0,0,255" width="171" fillcenter="false" type="filled" fill="{statmodifiedmax}" />
				<filledsprite depth="3" name="background" color="0,0,0,255" width="170" fillcenter="false" type="filled" fill="{statmodifiedmax}" />
			</rect>
			
		</rect>
	</window>
	<window name="HUDLeftStatBars">
		<rect name="hud" pos="9,52" rows="2" cols="1" width="168" side="right">
			<rect width="171" height="46" controller="HUDStatBar" stat_type="Stealth" visible="{statvisible}">
				<sprite depth="1" name="border" color="0,0,0,150" height="46" type="sliced" />
				<sprite depth="2" name="background" color="0,0,0,140" type="sliced" />

				<filledsprite depth="3" name="background" color="110,110,110,128" type="filled" fill="1" />

				<filledsprite depth="4" name="BarContent" color="{stealthcolor}" type="filled" fill="0" />
				<sprite depth="5" name="Icon" atlas="{staticonatlas|once}" sprite="{staticon|once}" size="35,35" pos="26,-24" pivot="center" foregroundlayer="true"/>
				<label depth="6" name="TextContent" pos="44,-23" font_size="32" color="[white]" justify="center" pivot="left" text="{statcurrent}" width="125" height="35"/>

				<sprite depth="8" name="border" color="0,0,0,255" type="sliced" fillcenter="false"/>
				<filledsprite depth="8" name="background" color="0,0,0,255" width="171" fillcenter="false" type="filled" fill="1" />
				<filledsprite depth="3" name="background" color="0,0,0,255" width="170" fillcenter="false" type="filled" fill="1" />
			</rect>

		</rect>

		<rect name="hud" pos="90,28" side="left" controller="BuffPopoutList" pivot="BottomLeft" >
			<panel width="168" height="46" name="item" visible="false" pivot="right" disableautobackground="true" pos="70, 0" style="press" sound="[recipe_click]" on_hover="true" >
				<sprite depth="3" pos="0,0"  name="Background" sprite="ui_game_popup" height="46" width="162" pivot="center" flip="Horizontally" color="[transparent]" />
				<sprite depth="4" name="Icon" size="40,40" pos="-54,0" pivot="center" color="[transparent]"/>
				<label depth="6" name="TextContent" pos="-37,0" font_size="28" color="[white]" justify="center" width="118" height="40" pivot="left"/>
			</panel>
		</rect>
	</window>
	
	
	</append>
	
	<set xpath="/windows/window[@name='windowToolbelt']/@pos">-388, 98</set>
	
	<!-- *** bigger backpack *** -->
	<!-- update the overall backpack size -->
    <set xpath="/windows/window[@name='windowBackpack']/@width">604</set>
    <set xpath="/windows/window[@name='windowBackpack']/@height">373</set>
    
    <!-- increase the panel size -->
    <set xpath="/windows/window[@name='windowBackpack']/panel[@name='content']/@height">330</set>
    
    <!-- adjust the rows, heights, and their cell equivalent -->
    <set xpath="/windows/window[@name='windowBackpack']/panel[@name='content']/grid[@name='inventory']/@rows">6</set>
    <set xpath="/windows/window[@name='windowBackpack']/panel[@name='content']/grid[@name='inventory']/@cols">10</set>
    <set xpath="/windows/window[@name='windowBackpack']/panel[@name='content']/grid[@name='inventory']/@cell_height">60</set>
    <set xpath="/windows/window[@name='windowBackpack']/panel[@name='content']/grid[@name='inventory']/@cell_width">60</set>
    <set xpath="/windows/window[@name='windowBackpack']/panel[@name='content']/sprite[@name='backgroundMain']/@width">601</set>
    <set xpath="/windows/window[@name='windowBackpack']/panel[@name='content']/sprite[@name='backgroundMain']/@height">363</set>
	
	<!-- adjust windowlooting to match the size of the new player dropped backpack container -->
    <set xpath="/windows/window[@name='windowLooting']/rect[@name='content']/grid[@name='queue']/@rows">10</set>
    <set xpath="/windows/window[@name='windowLooting']/rect[@name='content']/grid[@name='queue']/@cols">10</set>

	<remove xpath="/windows/window[@name='windowBackpack']/panel[@name='content']/grid[@name='inventory']/backpack_item_stack"></remove>
	
	<append xpath="/windows/window[@name='windowBackpack']/panel[@name='content']/grid[@name='inventory']">
       <kh60_backpack_item_stack name="0"/>
	</append>
</configs>