<configs>
	<!-- *** adds tools to workbench *** -->
	<insertafter xpath="//window_group[@name='workstation_workbench']//window[@name='windowCraftingQueue']">
	<window name="windowToolsWorkbench" />
	</insertafter>
	<set xpath="//window_group[@name='workstation_workbench']//window[@name='windowOutput']/@name">windowWorkbenchOutput</set>
	
	<!-- *** adds fuel requirement for cement mixer *** -->
	<insertafter xpath="//window_group[@name='workstation_cementMixer']//window[@name='windowCraftingQueue']">
	<window name="windowMixerFuel" />
	</insertafter>
	
	<!-- *** forge no longer needs smelted items *** -->
	<remove xpath="//window_group[@name='workstation_forge']//window[@name='windowForgeInput']"/>
	
	<!-- *** tablesaw *** -->
	<insertafter xpath="//window_group[@name='workstation_workbench']">
	<window_group name="workstation_playerTableSaw" controller="XUiC_WorkstationWindowGroup" open_backpack_on_open="true" close_compass_on_open="true">
		<window name="windowTSCraftingList"/>
		<window name="craftingInfoPanel"/>
		<window name="windowCraftingQueue"/>
		<window name="windowTablesawOutput" />
		<window name="windowNonPagingHeader" />		
	</window_group>	
	</insertafter>
</configs>